# Every record in the corpus behind results/drift.json, so it can be rebuilt
# exactly. scripts/fetch.py --from-manifest reads this file.
# records: 2765
# identity sha256: 0d4e32ee419adc4d786e3c3cdf82b71f001d7266c621c3728be9caef6ede73d3
accession	collected	country	length
LC908975	2023-09-14	Japan: Tokyo	29721
LC908976	2023-09-20	Japan: Tokyo	29725
LC908977	2023-09-25	Japan: Tokyo	29720
LC908978	2023-10-05	Japan: Tokyo	29725
LC908979	2023-10-18	Japan: Tokyo	29734
LC908980	2023-11-01	Japan: Tokyo	29721
LC908981	2023-11-15	Japan: Tokyo	29725
LC908982	2023-11-29	Japan: Tokyo	29720
LC908983	2023-12-06	Japan: Tokyo	29749
LC908984	2023-12-18	Japan: Tokyo	29743
LC908985	2024-02-01	Japan: Tokyo	29734
LC908986	2024-02-05	Japan: Tokyo	29746
MT020880	25-Jan-2020	USA: WA	29882
MT326023	2020-03-24	USA: Washington	29858
MT326024	2020-03-24	USA: Washington	29685
MT326027	2020-03-24	USA: Washington	29862
MT326028	2020-03-24	USA: Washington	29823
MT326029	2020-03-24	USA: Washington	29862
MT326030	2020-03-24	USA: Washington	29853
MT326035	2020-03-23	USA: Washington	29778
MT326036	2020-03-23	USA: Washington	29747
MT326039	2020-03-23	USA: Washington	29792
MT326040	2020-03-21	USA	29820
MT326041	2020-03-20	USA	29774
MT326042	2020-03-23	USA: Washington	29867
MT326046	2020-03-23	USA: Washington	29777
MT326048	2020-03-23	USA: Washington	29869
MT326049	2020-03-23	USA: Washington	29833
MT326051	2020-03-23	USA: Washington	29852
MT326052	2020-03-23	USA: Washington	29890
MT326053	2020-03-23	USA: Washington	29763
MT326054	2020-03-23	USA: Washington	29714
MT326055	2020-03-21	USA: Washington	29860
MT326056	2020-03-24	USA: Washington	29865
MT326058	2020-03-24	USA: Washington	29830
MT326061	2020-03-23	USA	29867
MT326063	2020-03-24	USA: Washington	29870
MT326065	2020-03-24	USA: Washington	29892
MT326066	2020-03-24	USA: Washington	29868
MT326067	2020-03-24	USA: Washington	29868
MT326068	2020-03-24	USA: Washington	29862
MT326069	2020-03-24	USA: Washington	29880
MT326070	2020-03-24	USA: Washington	29834
MT326071	2020-03-22	USA	29844
MT326074	2020-03-20	USA	29837
MT326075	2020-03-20	USA	29836
MT326076	2020-03-24	USA: Washington	29839
MT326078	2020-03-24	USA: Washington	29836
MT326081	2020-03-24	USA: Washington	29836
MT326082	2020-03-23	USA: Washington	29833
MT326083	2020-03-22	USA: Washington	29683
MT326084	2020-03-22	USA: Washington	29827
MT326085	2020-03-20	USA	29795
MT326086	2020-03-19	USA: Washington	29854
MT326087	2020-03-23	USA: Washington	29853
MT326088	2020-03-23	USA: Washington	29872
MT326089	2020-03-21	USA: Washington	29850
MT326090	2020-03-21	USA: Washington	29794
MT326091	2020-03-16	USA	29710
MT326092	2020-03-22	USA: Washington	29890
MT326093	2020-03-22	USA: Washington	29832
MT326094	2020-03-22	USA: Washington	29749
MT326095	2020-03-22	USA: Washington	29880
MT326096	2020-03-22	USA: Washington	29876
MT326097	2020-03-21	USA: Washington	29859
MT326099	2020-03-22	USA: Washington	29861
MT326100	2020-03-22	USA: Washington	29873
MT326103	2020-03-22	USA	29868
MT326104	2020-03-22	USA	29808
MT326105	2020-03-22	USA: Washington	29841
MT326106	2020-03-22	USA: Washington	29885
MT326111	2020-03-22	USA: Washington	29777
MT326112	2020-03-20	USA: Washington	29814
MT326113	2020-03-20	USA: Washington	29858
MT326116	2020-03-20	USA: Washington	29865
MT326117	2020-03-20	USA: Washington	29890
MT326118	2020-03-21	USA: Washington	29871
MT326119	2020-03-20	USA: Washington	29854
MT326120	2020-03-21	USA: Washington	29847
MT326121	2020-03-20	USA: Washington	29643
MT326123	2020-03-20	USA: Washington	29744
MT326124	2020-03-20	USA: Washington	29765
MT326125	2020-03-20	USA: Washington	29828
MT326127	2020-03-20	USA: Washington	29861
MT326128	2020-03-20	USA: Washington	29837
MT326129	2020-03-20	USA: Washington	29892
MT326130	2020-03-20	USA: Washington	29790
MT326132	2020-03-20	USA: Washington	29887
MT326133	2020-03-20	USA: Washington	29832
MT326134	2020-03-20	USA: Washington	29864
MT326135	2020-03-20	USA: Washington	29794
MT326136	2020-03-19	USA: Washington	29694
MT326137	2020-03-19	USA: Washington	29862
MT326138	2020-03-20	USA: Washington	29765
MT326140	2020-03-20	USA: Washington	29868
MT326148	2020-03-21	USA: Washington	29817
MT326149	2020-03-21	USA: Washington	29725
MT326150	2020-03-21	USA: Washington	29875
MT326151	2020-03-21	USA: Washington	29744
MT326152	2020-03-21	USA: Washington	29758
MT326153	2020-03-21	USA: Washington	29874
MT326154	2020-03-21	USA: Washington	29863
MT326158	2020-03-21	USA: Washington	29737
MT326159	2020-03-21	USA: Washington	29836
MT326160	2020-03-21	USA: Washington	29765
MT326161	2020-03-21	USA: Washington	29589
MT326162	2020-03-21	USA: Washington	29861
MT326164	2020-03-21	USA: Washington	29869
MT326166	2020-03-21	USA: Washington	29758
MT326167	2020-03-21	USA: Washington	29894
MT326169	2020-03-22	USA: Washington	29830
MT326178	2020-03-19	USA: Washington	29903
MT326180	2020-03-19	USA: Washington	29841
MT326181	2020-03-14	USA	29641
MT326184	2020-03-17	USA: Washington	29733
MT326185	2020-03-17	USA: Washington	29823
MT326187	2020-03-18	USA: Washington	29919
MT326190	2020-03-18	USA: Washington	29913
MT326191	2020-03-18	USA: Washington	29832
MT339039	2020-03-17	USA: Maricopa County, Arizona	29896
MT339040	2020-03-16	USA: Maricopa County, Arizona	29807
MT339041	2020-03-17	USA: Maricopa County, Arizona	29903
MT594109	2020-03-19	USA	29882
MT627233	2020-02-29	USA: Oregon,Umatilla County	29858
MT627243	2020-02-29	USA: Oregon,Umatilla County	29857
MT683397	2020-04-05	USA: Washington	29783
MT683399	2020-04-06	USA: Washington	29815
MT683403	2020-04-06	USA: Washington	29856
MT683404	2020-04-06	USA: Washington	29775
MT683406	2020-03-31	USA: Washington	29897
MT683407	2020-04-05	USA: Washington	29849
MT683408	2020-04-06	USA: Washington	29859
MT683409	2020-04-05	USA: Washington	29826
MT683410	2020-04-05	USA: Washington	29722
MT683411	2020-04-11	USA: Washington	29853
MT683412	2020-04-11	USA: Washington	29827
MT683413	2020-04-11	USA: Washington	29847
MT683416	2020-05-29	USA: Washington	29868
MT683417	2020-05-29	USA: Washington	29877
MT683418	2020-05-29	USA: Washington	29883
MT827809	2020-03-17	USA: Washington	29890
MT827810	2020-03-13	USA: Washington	29873
MT827811	2020-03-12	USA: Washington	29856
MT827812	2020-03-06	USA: Washington	29854
MT827813	2020-03-12	USA: Washington	29872
MT827815	2020-03-12	USA: Washington	29883
MT827817	2020-03-13	USA: Washington	29643
MT827818	2020-03-12	USA: Washington	29604
MT827819	2020-03-16	USA: Washington	29861
MT827821	2020-03-13	USA: Washington	29755
MT827823	2020-03-12	USA: Washington	29829
MT827824	2020-03-14	USA: Washington	29897
MT827826	2020-03-28	USA: Washington	29733
MT827827	2020-03-13	USA: Washington	29854
MT827828	2020-03-13	USA: Washington	29867
MT827829	2020-03-13	USA: Washington	29867
MT827831	2020-03-12	USA: Washington	29898
MT827837	2020-03-14	USA: Washington	29894
MT827840	2020-03-13	USA: Washington	29899
MT827841	2020-03-14	USA: Washington	29763
MT827843	2020-03-13	USA: Washington	29854
MT997203	2020-06-12	USA: North Carolina	29878
MT997204	2020-06-12	USA: North Carolina	29866
MT997205	2020-06-12	USA: North Carolina	29891
MT997206	2020-07-30	USA: North Carolina	29903
MT997208	2020-07-31	USA: North Carolina	29893
MT997209	2020-07-31	USA: North Carolina	29830
MT997210	2020-08-08	USA: North Carolina	29856
MT997212	2020-07-31	USA: North Carolina	29899
MW059036	2020-01-29	United Kingdom: England	29846
MW079418	2020-08-19	Malta	29782
MW079419	2020-09-04	Malta	29782
MW079421	2020-09-07	Malta	29782
MW079422	2020-08-20	Malta	29782
MW079428	2020-04-02	Malaysia: Pahang, Kuantan	29781
MW079429	2020-04-09	Malaysia: Pahang, Kuantan	29782
MW166149	2020-08-12	USA: FL	29818
MW166150	2020-08-12	USA: FL	29841
MW166151	2020-08-13	USA: FL	29816
MW166152	2020-08-13	USA: FL	29860
MW166154	2020-08-17	USA: FL	29852
MW166165	2020-08-20	USA: FL	29852
MW166167	2020-08-22	USA: FL	29855
MW206398	2020-09-30	USA: FL	29850
MW206400	2020-10-01	USA: FL	29860
MW206402	2020-09-30	USA: FL	29849
MW206409	2020-09-30	USA: FL	29854
MW206414	2020-10-01	USA: FL	29852
MW206415	2020-10-01	USA: FL	29856
MW206417	2020-10-01	USA: FL	29849
MW206418	2020-10-01	USA: FL	29839
MW206428	2020-10-02	USA: FL	29839
MW206431	2020-10-02	USA: FL	29843
MW206433	2020-10-02	USA: FL	29823
MW206434	2020-10-02	USA: FL	29843
MW206440	2020-10-02	USA: FL	29848
MW206448	2020-10-02	USA: FL	29859
MW206449	2020-10-02	USA: FL	29813
MW206450	2020-10-02	USA: FL	29840
MW206453	2020-10-02	USA: FL	29838
MW206455	2020-10-04	USA: FL	29851
MW206456	2020-10-02	USA: FL	29813
MW206458	2020-10-05	USA: FL	29851
MW206459	2020-04-24	USA: FL	29849
MW206460	2020-04-24	USA: FL	29846
MW206479	2020-04-08	USA: FL	29836
MW206480	2020-04-08	USA: FL	29827
MW206481	2020-04-08	USA: FL	29821
MW206483	2020-04-08	USA: FL	29799
MW206485	2020-04-08	USA: FL	29856
MW206486	2020-04-08	USA: FL	29813
MW206488	2020-04-08	USA: FL	29710
MW206490	2020-04-08	USA: FL	29845
MW206492	2020-04-08	USA: FL	29814
MW206493	2020-04-08	USA: FL	29823
MW206496	2020-04-08	USA: FL	29849
MW206501	2020-04-06	USA: FL	29812
MW206502	2020-04-09	USA: FL	29823
MW206506	2020-04-09	USA: FL	29847
MW206508	2020-04-09	USA: FL	29845
MW206509	2020-04-09	USA: FL	29835
MW206510	2020-04-08	USA: FL	29830
MW206511	2020-04-09	USA: FL	29811
MW206512	2020-04-09	USA: FL	29848
MW206513	2020-04-10	USA: FL	29849
MW206514	2020-04-09	USA: FL	29847
MW206515	2020-04-09	USA: FL	29815
MW206516	2020-04-09	USA: FL	29804
MW206517	2020-04-09	USA: FL	29717
MW206518	2020-04-09	USA: FL	29813
MW206519	2020-04-09	USA: FL	29812
MW206521	2020-04-09	USA: FL	29843
MW206522	2020-04-06	USA: FL	29836
MW206523	2020-04-09	USA: FL	29710
MW206524	2020-04-06	USA: FL	29838
MW206525	2020-04-09	USA: FL	29808
MW206528	2020-04-10	USA: FL	29847
MW206529	2020-04-10	USA: FL	29837
MW206530	2020-04-10	USA: FL	29847
MW206531	2020-04-10	USA: FL	29837
MW206532	2020-04-10	USA: FL	29783
MW206533	2020-04-10	USA: FL	29851
MW206534	2020-04-10	USA: FL	29848
MW206535	2020-04-09	USA: FL	29846
MW206536	2020-04-09	USA: FL	29847
MW206539	2020-04-09	USA: FL	29834
MW206540	2020-04-09	USA: FL	29849
MW206541	2020-04-09	USA: FL	29853
MW206542	2020-04-09	USA: FL	29845
MW206547	2020-07-14	USA: FL	29479
MW206553	2020-07-15	USA: FL	29640
MW206554	2020-07-15	USA: FL	29788
MW206555	2020-07-14	USA: FL	29651
MW206559	2020-07-17	USA: FL	29724
MW206561	2020-07-17	USA: FL	29818
MW206568	2020-07-17	USA: FL	29760
MW206573	2020-07-20	USA: FL	29831
MW206582	2020-07-29	USA: FL	29851
MW206583	2020-07-29	USA: FL	29813
MW206585	2020-07-29	USA: FL	29848
MW206587	2020-07-29	USA: FL	29800
MW206588	2020-07-29	USA: FL	29804
MW206589	2020-07-29	USA: FL	29834
MW206590	2020-07-29	USA: FL	29839
MW206593	2020-07-29	USA: FL	29815
MW206594	2020-07-30	USA: FL	29851
MW206595	2020-07-30	USA: FL	29803
MW206596	2020-07-30	USA: FL	29849
MW206597	2020-07-30	USA: FL	29830
MW206600	2020-07-29	USA: FL	29792
MW206601	2020-07-29	USA: FL	29843
MW206604	2020-07-30	USA: FL	29813
MW206605	2020-07-30	USA: FL	29813
MW206606	2020-07-31	USA: FL	29841
MW206607	2020-07-31	USA: FL	29850
MW206608	2020-07-31	USA: FL	29811
MW206609	2020-07-31	USA: FL	29796
MW206610	2020-07-31	USA: FL	29812
MW206611	2020-07-30	USA: FL	29843
MW206615	2020-07-31	USA: FL	29806
MW206616	2020-07-31	USA: FL	29812
MW206617	2020-07-31	USA: FL	29847
MW206619	2020-07-31	USA: FL	29832
MW206620	2020-07-31	USA: FL	29833
MW206624	2020-08-03	USA: FL	29804
MW206625	2020-08-03	USA: FL	29834
MW206627	2020-08-03	USA: FL	29810
MW206628	2020-08-03	USA: FL	29810
MW206635	2020-07-28	USA: FL	29798
MW286518	2020-07-09	USA: FL	29851
MW286523	2020-07-16	USA: FL	29815
MW286525	2020-07-21	USA: FL	29812
MW286533	2020-03-21	USA: FL	29804
MW286535	2020-03-26	USA: FL	29835
MW286539	2020-03-27	USA: FL	29813
MW286543	2020-03-31	USA: FL	29850
MW286553	2020-05-15	USA: FL	29812
MW286558	2020-05-28	USA: FL	29823
MW286559	2020-05-29	USA: FL	29857
MW286563	2020-05-29	USA: FL	29818
MW286564	2020-05-29	USA: FL	29814
MW286578	2020-06-11	USA: FL	29817
MW286579	2020-06-12	USA: FL	29854
MW286580	2020-06-12	USA: FL	29838
MW286581	2020-06-12	USA: FL	29858
MW286582	2020-06-12	USA: FL	29841
MW286583	2020-06-15	USA: FL	29851
MW286584	2020-06-19	USA: FL	29848
MW286585	2020-06-19	USA: FL	29837
MW286590	2020-06-23	USA: FL	29843
MW286592	2020-06-22	USA: FL	29837
MW286593	2020-06-24	USA: FL	29844
MW286594	2020-06-24	USA: FL	29845
MW286595	2020-06-29	USA: FL	29856
MW286597	2020-06-29	USA: FL	29843
MW286598	2020-06-29	USA: FL	29846
MW286601	2020-06-27	USA: FL	29843
MW286605	2020-07-03	USA: FL	29806
MW286607	2020-07-06	USA: FL	29851
MW286608	2020-07-06	USA: FL	29856
MW286612	2020-07-14	USA: FL	29842
MW286628	2020-07-23	USA: FL	29843
MW286629	2020-07-31	USA: FL	29848
MW286633	2020-08-05	USA: FL	29841
MW286634	2020-08-05	USA: FL	29817
MW286635	2020-08-10	USA: FL	29850
MW286636	2020-08-14	USA: FL	29809
MW286637	2020-08-15	USA: FL	29813
MW286638	2020-08-17	USA: FL	29843
MW286639	2020-08-17	USA: FL	29844
MW286642	2020-08-18	USA: FL	29810
MW286644	2020-08-19	USA: FL	29846
MW286647	2020-08-20	USA: FL	29850
MW286649	2020-08-20	USA: FL	29854
MW286650	2020-08-20	USA: FL	29849
MW286652	2020-08-21	USA: FL	29843
MW286654	2020-08-22	USA: FL	29847
MW286655	2020-03-05	USA: FL	29844
MW286656	2020-03-04	USA: FL	29850
MW286661	2020-03-07	USA: FL	29836
MW286665	2020-03-10	USA: FL	29848
MW286668	2020-03-12	USA: FL	29821
MW286669	2020-03-12	USA: FL	29827
MW286670	2020-03-11	USA: FL	29825
MW286671	2020-03-11	USA: FL	29849
MW286676	2020-03-12	USA: FL	29846
MW286677	2020-03-13	USA: FL	29815
MW286678	2020-03-13	USA: FL	29815
MW286680	2020-03-16	USA: FL	29815
MW286682	2020-04-07	USA: FL	29860
MW286686	2020-05-07	USA: FL	29819
MW286690	2020-05-08	USA: FL	29859
MW286698	2020-06-30	USA: FL	29852
MW286700	2020-06-30	USA: FL	29858
MW286702	2020-07-03	USA: FL	29842
MW286705	2020-07-04	USA: FL	29848
MW286708	2020-08-14	USA: FL	29849
MW286712	2020-04-09	USA: FL	29858
MW286714	2020-04-10	USA: FL	29847
MW286715	2020-04-10	USA: FL	29791
MW286716	2020-04-10	USA: FL	29811
MW286717	2020-04-10	USA: FL	29810
MW286718	2020-04-11	USA: FL	29847
MW286719	2020-04-11	USA: FL	29840
MW286720	2020-04-11	USA: FL	29824
MW286721	2020-04-11	USA: FL	29804
MW286722	2020-04-11	USA: FL	29851
MW286725	2020-04-13	USA: FL	29759
MW286726	2020-04-13	USA: FL	29843
MW286727	2020-04-13	USA: FL	29832
MW286728	2020-04-12	USA: FL	29829
MW286729	2020-04-13	USA: FL	29842
MW286730	2020-04-13	USA: FL	29848
MW286732	2020-04-10	USA: FL	29835
MW286733	2020-04-14	USA: FL	29840
MW286734	2020-04-13	USA: FL	29835
MW286735	2020-04-14	USA: FL	29834
MW286737	2020-04-15	USA: FL	29840
MW286739	2020-04-16	USA: FL	29826
MW286740	2020-04-16	USA: FL	29829
MW286741	2020-04-16	USA: FL	29813
MW286742	2020-04-16	USA: FL	29770
MW286743	2020-04-16	USA: FL	29842
MW286745	2020-04-16	USA: FL	29739
MW286746	2020-04-16	USA: FL	29851
MW286749	2020-04-17	USA: FL	29790
MW286751	2020-04-17	USA: FL	29815
MW286752	2020-04-17	USA: FL	29847
MW286755	2020-04-17	USA: FL	29840
MW286757	2020-04-17	USA: FL	29833
MW286759	2020-04-18	USA: FL	29847
MW286760	2020-04-19	USA: FL	29843
MW286761	2020-04-18	USA: FL	29846
MW309443	2020-07-30	USA: FL	29849
MW309444	2020-07-29	USA: FL	29856
MW309446	2020-08-10	USA: FL	29843
MW309449	2020-05-11	USA: FL	29806
MW309463	2020-06-17	USA: FL	29839
MW309470	2020-07-27	USA: FL	29807
MW309474	2020-08-05	USA: FL	29845
MW309478	2020-08-05	USA: FL	29806
MW309481	2020-08-13	USA: FL	29809
MW309482	2020-08-26	USA: FL	29848
MW309483	2020-08-29	USA: FL	29830
MW309485	2020-08-31	USA: FL	29838
MW309487	2020-08-31	USA: FL	29812
MW309488	2020-08-31	USA: FL	29844
MW309493	2020-09-04	USA: FL	29817
MW309496	2020-09-08	USA: FL	29853
MW406781	2020-11-24	USA: FL	29811
MW406794	2020-11-19	USA: FL	29845
MW642248	2021-01-18	Italy	29866
MW642250	2021-01-18	Italy	29858
MW969479	2021-03-25	USA: Michigan	29901
MZ000073	2021-03-24	USA: Illinois	29708
MZ003909	2021-04-04	USA: Kansas	29704
MZ008967	2021-04-01	USA: North Carolina	29831
MZ010783	2021-03-17	USA: Minnesota	29864
MZ023980	2021-03-30	USA: Illinois	29898
MZ681643	2021-02-11	USA: Tennessee, Davidson county	29827
MZ681646	2021-02-09	USA: Tennessee, Davidson county	29827
MZ681648	2021-02-09	USA: Tennessee, Davidson county	29797
MZ681649	2021-02-09	USA: Tennessee, Davidson county	29819
MZ681650	2021-02-09	USA: Tennessee, Davidson county	29798
MZ687433	2021-03-08	USA: Tennessee, Davidson county	29772
MZ687436	2021-03-22	USA: Tennessee, Davidson county	29825
MZ687438	2021-03-30	USA: Tennessee, Davidson county	29743
MZ687441	2021-04-06	USA: Tennessee, Davidson county	29735
MZ687443	2021-04-08	USA: Tennessee, Davidson county	29769
MZ687444	2021-04-09	USA: Tennessee, Davidson county	29779
MZ687445	2021-04-09	USA: Tennessee, Davidson county	29763
MZ687446	2021-04-12	USA: Tennessee, Davidson county	29763
MZ687448	2021-04-13	USA: Tennessee, Davidson county	29769
MZ687449	2021-04-13	USA: Tennessee, Davidson county	29763
MZ687450	2021-04-13	USA: Tennessee, Davidson county	29807
MZ687452	2021-04-13	USA: Tennessee, Davidson county	29779
MZ687453	2021-04-15	USA: Tennessee, Davidson county	29778
MZ687454	2021-04-15	USA: Tennessee, Davidson county	29691
MZ687456	2021-04-15	USA: Tennessee, Davidson county	29763
MZ687457	2021-04-26	USA: Tennessee, Davidson county	29763
MZ687458	2021-04-26	USA: Tennessee, Davidson county	29807
MZ694953	2021-03-29	USA: Tennessee, Davidson county	29763
MZ694954	2021-03-18	USA: Tennessee, Davidson county	29763
MZ694955	2021-03-16	USA: Tennessee, Davidson county	29819
MZ694956	2021-03-16	USA: Tennessee, Davidson county	29828
MZ694957	2021-03-16	USA: Tennessee, Davidson county	29763
MZ694958	2021-03-16	USA: Tennessee, Davidson county	29808
MZ694959	2021-03-16	USA: Tennessee, Davidson county	29782
MZ694960	2021-03-16	USA: Tennessee, Davidson county	29826
MZ694961	2021-03-16	USA: Tennessee, Davidson county	29810
MZ694962	2021-03-09	USA: Tennessee, Davidson county	29834
MZ694963	2021-03-09	USA: Tennessee, Davidson county	29770
MZ694964	2021-03-09	USA: Tennessee, Davidson county	29798
MZ694965	2021-03-09	USA: Tennessee, Davidson county	29778
MZ694966	2021-03-05	USA: Tennessee, Davidson county	29827
MZ694967	2021-03-05	USA: Tennessee, Davidson county	29822
MZ694968	2021-03-05	USA: Tennessee, Davidson county	29806
MZ694969	2021-03-05	USA: Tennessee, Davidson county	29808
MZ694970	2021-03-04	USA: Tennessee, Davidson county	29811
MZ694971	2021-03-04	USA: Tennessee, Davidson county	29816
MZ694972	2021-03-04	USA: Tennessee, Davidson county	29814
MZ694976	2021-03-03	USA: Tennessee, Davidson county	29832
MZ694977	2021-03-02	USA: Tennessee, Davidson county	29816
MZ694978	2021-03-02	USA: Tennessee, Davidson county	29787
MZ694979	2021-03-02	USA: Tennessee, Davidson county	29782
MZ694981	2021-02-25	USA: Tennessee, Davidson county	29797
MZ694982	2021-02-25	USA: Tennessee, Davidson county	29782
MZ695292	2021-07-09	USA: Tennessee, Davidson county	29762
MZ695293	2021-02-09	USA: Tennessee, Davidson county	29640
MZ695294	2021-02-09	USA: Tennessee, Davidson county	29785
MZ695295	2021-02-09	USA: Tennessee, Davidson county	29782
MZ695296	2021-02-09	USA: Tennessee, Davidson county	29808
MZ695297	2021-02-09	USA: Tennessee, Davidson county	29820
MZ695298	2021-02-09	USA: Tennessee, Davidson county	29701
MZ695301	2021-02-02	USA: Tennessee, Davidson county	29794
MZ695302	2021-02-02	USA: Tennessee, Davidson county	29723
MZ695303	2021-02-02	USA: Tennessee, Davidson county	29782
MZ831215	2021-02-02	USA	29825
MZ831216	2021-02-02	USA	29796
MZ831217	2021-01-28	USA	29728
MZ831218	2021-01-28	USA	29782
MZ831219	2021-01-28	USA	29743
MZ831220	2021-01-28	USA	29782
MZ831221	2021-01-28	USA	29797
MZ831222	2021-01-28	USA	29824
MZ831225	2021-01-28	USA	29827
OM043313	2021-12-15	USA: Florida	29673
OM043316	2021-12-15	USA: Florida	29654
OM043317	2021-12-15	USA: Florida	29654
OM043318	2021-12-15	USA: Florida	29687
OM043320	2021-12-15	USA: Massachusetts	29795
OM043328	2021-12-15	USA: Georgia	29795
OM043329	2021-12-15	USA: District of Columbia	29615
OM043330	2021-12-15	USA: District of Columbia	29778
OM043332	2021-12-15	USA: District of Columbia	29717
OM043334	2021-12-15	USA: District of Columbia	29716
OM043338	2021-12-15	USA: District of Columbia	29766
OM043342	2021-12-15	USA: District of Columbia	29716
OM043352	2021-12-15	USA: North Carolina	29734
OM043362	2021-12-15	USA: District of Columbia	29750
OM043363	2021-12-15	USA: District of Columbia	29653
OM043366	2021-12-15	USA: North Carolina	29670
OM043378	2021-12-15	USA: Maryland	29711
OM043381	2021-12-15	USA: North Carolina	29638
OM043382	2021-12-15	USA: Georgia	29750
OM043390	2021-12-15	USA: North Carolina	29768
OM043391	2021-12-15	USA: North Carolina	29734
OM043393	2021-12-15	USA: District of Columbia	29654
OM043401	2021-12-15	USA: North Carolina	29795
OM043403	2021-12-15	USA: Maryland	29767
OM043405	2021-12-15	USA: North Carolina	29671
OM043407	2021-12-15	USA: North Carolina	29766
OM043408	2021-12-15	USA: North Carolina	29795
OM043411	2021-12-15	USA: District of Columbia	29740
OM043416	2021-12-15	USA: North Carolina	29767
OM043417	2021-12-15	USA: North Carolina	29767
OM043418	2021-12-15	USA: North Carolina	29704
OM043420	2021-12-15	USA: North Carolina	29717
OM043421	2021-12-15	USA: Maryland	29711
OM043423	2021-12-15	USA: District of Columbia	29750
OM043425	2021-12-15	USA: District of Columbia	29750
OM043426	2021-12-15	USA: District of Columbia	29653
OM043427	2021-12-15	USA: District of Columbia	29778
OM043428	2021-12-15	USA: District of Columbia	29739
OM043429	2021-12-15	USA: District of Columbia	29778
OM043431	2021-12-15	USA: District of Columbia	29671
OM043432	2021-12-15	USA: District of Columbia	29654
OM043433	2021-12-15	USA: District of Columbia	29711
OM043436	2021-12-15	USA: Florida	29750
OM043439	2021-12-15	USA: District of Columbia	29750
OM043443	2021-12-15	USA: District of Columbia	29716
OM043444	2021-12-15	USA: North Carolina	29781
OM043445	2021-12-15	USA: District of Columbia	29654
OM043447	2021-12-15	USA: District of Columbia	29653
OM043457	2021-12-15	USA: Georgia	29779
OM043458	2021-12-15	USA: Florida	29704
OM043462	2021-12-15	USA: Florida	29715
OM043463	2021-12-15	USA: Indiana	29792
OM043467	2021-12-15	USA: North Carolina	29767
OM043468	2021-12-15	USA: District of Columbia	29750
OM043470	2021-12-15	USA: North Carolina	29767
OM043471	2021-12-15	USA: North Carolina	29761
OM043473	2021-12-15	USA: Florida	29716
OM043474	2021-12-15	USA: Illinois	29768
OM043476	2021-12-15	USA: Kentucky	29734
OM043477	2021-12-15	USA: Georgia	29750
OM043478	2021-12-15	USA: Georgia	29653
OM043479	2021-12-15	USA: District of Columbia	29686
OM043481	2021-12-15	USA: Kentucky	29671
OM043484	2021-12-15	USA: District of Columbia	29739
OM043486	2021-12-15	USA: Georgia	29795
OM043488	2021-12-15	USA: Georgia	29670
OM043489	2021-12-15	USA: Kentucky	29767
OM043493	2021-12-16	USA: Massachusetts	29778
OM043501	2021-12-16	USA: Florida	29717
OM043504	2021-12-16	USA: New Jersey	29767
OM043507	2021-12-16	USA: New Jersey	29734
OM043510	2021-12-16	USA: New Jersey	29733
OM043517	2021-12-16	USA: New Jersey	29749
OM043520	2021-12-16	USA: New Jersey	29688
OM043521	2021-12-16	USA: New Jersey	29767
OM043522	2021-12-16	USA: New Jersey	29767
OM043523	2021-12-16	USA: New Jersey	29654
OM043524	2021-12-16	USA: New Jersey	29767
OM043525	2021-12-16	USA: New Jersey	29717
OM043527	2021-12-16	USA: New Jersey	29767
OM043528	2021-12-16	USA: New Jersey	29734
OM043529	2021-12-16	USA: New Jersey	29796
OM043530	2021-12-16	USA: New Jersey	29670
OM043531	2021-12-16	USA: New Jersey	29734
OM043532	2021-12-16	USA: New Jersey	29761
OM043534	2021-12-16	USA: New Jersey	29717
OM043545	2021-12-16	USA: Florida	29778
OM043546	2021-12-16	USA: Connecticut	29654
OM043550	2021-12-16	USA: District of Columbia	29778
OM043551	2021-12-16	USA: New Jersey	29795
OM043552	2021-12-16	USA: Connecticut	29750
OM043555	2021-12-16	USA: District of Columbia	29750
OM043556	2021-12-16	USA: District of Columbia	29654
OM043557	2021-12-16	USA: District of Columbia	29750
OM043558	2021-12-16	USA: District of Columbia	29717
OM043560	2021-12-16	USA: District of Columbia	29678
OM043564	2021-12-16	USA: California	29750
OM043573	2021-12-16	USA: District of Columbia	29750
OM043576	2021-12-16	USA: District of Columbia	29767
OM043577	2021-12-16	USA: District of Columbia	29746
OM043578	2021-12-16	USA: District of Columbia	29654
OM043579	2021-12-16	USA: District of Columbia	29653
OM043580	2021-12-16	USA: District of Columbia	29778
OM043581	2021-12-16	USA: District of Columbia	29778
OM043582	2021-12-16	USA: District of Columbia	29778
OM043583	2021-12-16	USA: District of Columbia	29527
OM043591	2021-12-16	USA: District of Columbia	29745
OM043592	2021-12-16	USA: District of Columbia	29677
OM043595	2021-12-16	USA: District of Columbia	29750
OM043604	2021-12-16	USA: New Mexico	29654
OM043607	2021-12-16	USA: District of Columbia	29750
OM043608	2021-12-16	USA: District of Columbia	29750
OM043609	2021-12-16	USA: District of Columbia	29717
OM043610	2021-12-16	USA: District of Columbia	29750
OM043611	2021-12-16	USA: District of Columbia	29719
OM043612	2021-12-16	USA: District of Columbia	29745
OM043613	2021-12-16	USA: District of Columbia	29717
OM043615	2021-12-16	USA: District of Columbia	29739
OM043618	2021-12-16	USA: Florida	29778
OM043624	2021-12-16	USA: Georgia	29733
OM043625	2021-12-16	USA: District of Columbia	29717
OM043626	2021-12-16	USA: District of Columbia	29717
OM043627	2021-12-16	USA: District of Columbia	29762
OM043629	2021-12-16	USA: District of Columbia	29654
OM043630	2021-12-16	USA: District of Columbia	29654
OM043631	2021-12-16	USA: District of Columbia	29739
OM043632	2021-12-16	USA: District of Columbia	29716
OM043633	2021-12-16	USA: District of Columbia	29750
OM043635	2021-12-16	USA: Colorado	29686
OM043639	2021-12-16	USA: District of Columbia	29778
OM043641	2021-12-16	USA: District of Columbia	29615
OM043643	2021-12-16	USA: District of Columbia	29687
OM043644	2021-12-16	USA: District of Columbia	29716
OM043645	2021-12-16	USA: District of Columbia	29750
OM043652	2021-12-16	USA: New Jersey	29654
OM043654	2021-12-16	USA: Connecticut	29717
OM043656	2021-12-16	USA: New Jersey	29733
OM043660	2021-12-16	USA: Massachusetts	29717
OM043664	2021-12-16	USA: Massachusetts	29749
OM043668	2021-12-16	USA: Massachusetts	29762
OM043669	2021-12-16	USA: Massachusetts	29613
OM043671	2021-12-16	USA: Massachusetts	29734
OM043672	2021-12-16	USA: Connecticut	29653
OM043674	2021-12-16	USA: Connecticut	29717
OM043676	2021-12-16	USA: California	29750
OM043679	2021-12-16	USA: New Jersey	29686
OM043690	2021-12-16	USA: New Jersey	29787
OM043692	2021-12-16	USA: Connecticut	29767
OM043693	2021-12-16	USA: New Jersey	29766
OM043696	2021-12-16	USA: Connecticut	29717
OM043702	2021-12-16	USA: New Jersey	29778
OM043703	2021-12-16	USA: New Jersey	29654
OM043705	2021-12-16	USA: New Jersey	29795
OM043706	2021-12-16	USA: New Jersey	29717
OM043709	2021-12-16	USA: New Jersey	29734
OM043710	2021-12-16	USA: New Jersey	29718
OM043711	2021-12-16	USA: Connecticut	29716
OM043716	2021-12-16	USA: New Jersey	29671
OM043718	2021-12-16	USA: New Jersey	29671
OM043722	2021-12-16	USA: New Jersey	29716
OM043725	2021-12-16	USA: New Jersey	29750
OM043727	2021-12-16	USA: Connecticut	29767
OM043728	2021-12-16	USA: New Jersey	29778
OM043729	2021-12-16	USA: Connecticut	29686
OM043730	2021-12-16	USA: Connecticut	29750
OM043734	2021-12-16	USA: New Jersey	29750
OM043735	2021-12-16	USA: New Jersey	29717
OM043737	2021-12-16	USA: New Jersey	29749
OM043738	2021-12-16	USA: New Jersey	29778
OM043739	2021-12-16	USA: New Jersey	29750
OM043740	2021-12-16	USA: New Jersey	29533
OM043741	2021-12-16	USA: New Jersey	29627
OM043743	2021-12-16	USA: New Jersey	29767
OM043744	2021-12-16	USA: New Jersey	29717
OM043748	2021-12-16	USA: New Jersey	29621
OM043755	2021-12-16	USA: New Jersey	29767
OM043756	2021-12-16	USA: New Jersey	29778
OM043763	2021-12-16	USA: New Jersey	29750
OM043766	2021-12-16	USA: New Jersey	29717
OM043767	2021-12-16	USA: New Jersey	29638
OM043771	2021-12-16	USA: New Jersey	29750
OM043772	2021-12-16	USA: New Jersey	29778
OM043773	2021-12-16	USA: Massachusetts	29654
OM043780	2021-12-16	USA: New Jersey	29795
OM043781	2021-12-16	USA: Connecticut	29613
OM043782	2021-12-16	USA: New Jersey	29795
OM043789	2021-12-16	USA: New Jersey	29686
OM043790	2021-12-16	USA: New Jersey	29653
OM043804	2021-12-16	USA: Connecticut	29717
OM043805	2021-12-16	USA: New Jersey	29768
OM043809	2021-12-16	USA: District of Columbia	29749
OM043811	2021-12-16	USA: District of Columbia	29750
OM043812	2021-12-16	USA: District of Columbia	29717
OM043814	2021-12-16	USA: District of Columbia	29750
OM043816	2021-12-16	USA: District of Columbia	29653
OM043817	2021-12-16	USA: New Jersey	29717
OM043819	2021-12-16	USA: New Jersey	29795
OM043831	2021-12-16	USA: New Jersey	29638
OM043838	2021-12-17	USA: New Jersey	29767
OM043841	2021-12-17	USA: New Jersey	29687
OM043842	2021-12-17	USA: New Jersey	29703
OM043843	2021-12-17	USA: New Jersey	29670
OM043845	2021-12-17	USA: New Jersey	29733
OM043848	2021-12-17	USA: New Jersey	29595
OM043852	2021-12-17	USA: New Jersey	29716
OM043853	2021-12-17	USA: New Jersey	29733
OM043856	2021-12-17	USA: New Jersey	29767
OM043868	2021-12-17	USA: Connecticut	29795
OM043869	2021-12-17	USA: New Jersey	29796
OM043878	2021-12-17	USA: New Jersey	29767
OM043887	2021-12-17	USA: Massachusetts	29726
OM043888	2021-12-17	USA: Massachusetts	29717
OM043893	2021-12-17	USA: Connecticut	29767
OM043894	2021-12-17	USA: Connecticut	29761
OM043899	2021-12-17	USA: New Jersey	29717
OM043900	2021-12-17	USA: New Jersey	29767
OM043901	2021-12-17	USA: Connecticut	29767
OM043903	2021-12-17	USA: Connecticut	29699
OM043907	2021-12-17	USA: Connecticut	29717
OM043908	2021-12-17	USA: Connecticut	29767
OM043910	2021-12-17	USA: New Jersey	29734
OM043911	2021-12-17	USA: New Jersey	29716
OM043913	2021-12-17	USA: New Jersey	29638
OM043914	2021-12-17	USA: Connecticut	29717
OM043916	2021-12-17	USA: Connecticut	29684
OM043923	2021-12-17	USA: New Jersey	29671
OM043924	2021-12-17	USA: New Jersey	29765
OM043925	2021-12-17	USA: New Jersey	29717
OM043928	2021-12-17	USA: New Jersey	29750
OM043930	2021-12-17	USA: New Jersey	29750
OM043931	2021-12-17	USA: New Jersey	29767
OM043932	2021-12-17	USA: New Jersey	29734
OM043933	2021-12-17	USA: New Jersey	29796
OM043936	2021-12-17	USA: New Jersey	29795
OM043937	2021-12-17	USA: New Jersey	29767
OM043939	2021-12-17	USA: New Jersey	29670
OM043940	2021-12-17	USA: New Jersey	29734
OM043943	2021-12-17	USA: New Jersey	29749
OM043946	2021-12-17	USA: New Jersey	29661
OM043947	2021-12-17	USA: New Jersey	29750
OM043948	2021-12-17	USA: New Jersey	29795
OM043949	2021-12-17	USA: New Jersey	29778
OM043950	2021-12-17	USA: New Jersey	29750
OM043951	2021-12-17	USA: New Jersey	29766
OM043952	2021-12-17	USA: New Jersey	29717
OM043953	2021-12-17	USA: New Jersey	29701
OM043954	2021-12-17	USA: New Jersey	29778
OM043955	2021-12-17	USA: New Jersey	29595
OM043958	2021-12-17	USA: New Jersey	29750
OM043959	2021-12-17	USA: New Jersey	29795
OM043960	2021-12-17	USA: New Jersey	29716
OM043961	2021-12-17	USA: New Jersey	29795
OM043962	2021-12-17	USA: New Jersey	29734
OM043963	2021-12-17	USA: New Jersey	29701
OM043964	2021-12-17	USA: New Jersey	29704
OM043965	2021-12-17	USA: New Jersey	29749
OM043972	2021-12-17	USA: District of Columbia	29716
OM043974	2021-12-17	USA: District of Columbia	29653
OM043975	2021-12-17	USA: District of Columbia	29717
OM043976	2021-12-17	USA: District of Columbia	29643
OM043977	2021-12-17	USA: District of Columbia	29621
OM043979	2021-12-17	USA: District of Columbia	29725
OM043980	2021-12-17	USA: Georgia	29700
OM043981	2021-12-17	USA: District of Columbia	29678
OM043982	2021-12-17	USA: District of Columbia	29705
OM043983	2021-12-17	USA: District of Columbia	29716
OM043986	2021-12-17	USA: New Jersey	29778
OM043988	2021-12-17	USA: District of Columbia	29711
OM043991	2021-12-17	USA: New Jersey	29749
OM043992	2021-12-17	USA: New Jersey	29779
OM043996	2021-12-17	USA: California	29750
OM044003	2021-12-17	USA: District of Columbia	29778
OM044004	2021-12-17	USA: District of Columbia	29616
OM044007	2021-12-17	USA: New Jersey	29795
OM044017	2021-12-17	USA: New Jersey	29766
OM044019	2021-12-17	USA: New Jersey	29671
OM044021	2021-12-17	USA: New Jersey	29715
OM044022	2021-12-17	USA: New Jersey	29778
OM044023	2021-12-17	USA: New Jersey	29595
OM044025	2021-12-17	USA: New Jersey	29767
OM044026	2021-12-17	USA: New Jersey	29767
OM044027	2021-12-17	USA: New Jersey	29767
OM044030	2021-12-17	USA: New Jersey	29795
OM044031	2021-12-17	USA: New Jersey	29717
OM044033	2021-12-17	USA: New Jersey	29795
OM044034	2021-12-17	USA: New Jersey	29665
OM044035	2021-12-17	USA: New Jersey	29767
OM044036	2021-12-17	USA: New Jersey	29595
OM044037	2021-12-17	USA: New Jersey	29795
OM044038	2021-12-17	USA: New Jersey	29734
OM044041	2021-12-17	USA: New Jersey	29717
OM044042	2021-12-17	USA: New Jersey	29766
OM044043	2021-12-17	USA: New Jersey	29767
OM044044	2021-12-17	USA: New Jersey	29653
OM044046	2021-12-17	USA: New Jersey	29750
OM044047	2021-12-17	USA: New Jersey	29733
OM044049	2021-12-17	USA: New Jersey	29655
OM044050	2021-12-17	USA: New Jersey	29734
OM044051	2021-12-17	USA: New Jersey	29704
OM044052	2021-12-17	USA: New Jersey	29767
OM044053	2021-12-17	USA: New Jersey	29767
OM044056	2021-12-17	USA: New Jersey	29621
OM044057	2021-12-17	USA: New Jersey	29767
OM044058	2021-12-17	USA: New Jersey	29701
OM044059	2021-12-17	USA: New Jersey	29704
OM044060	2021-12-17	USA: New Jersey	29733
OM044061	2021-12-17	USA: New Jersey	29795
OM044062	2021-12-17	USA: New Jersey	29671
OM044063	2021-12-17	USA: New Jersey	29766
OM044064	2021-12-17	USA: New Jersey	29621
OM044065	2021-12-17	USA: New Jersey	29762
OM044068	2021-12-17	USA: New Jersey	29767
OM044076	2021-12-17	USA: Connecticut	29767
OM044077	2021-12-17	USA: Connecticut	29767
OM044078	2021-12-17	USA: Connecticut	29767
OM044079	2021-12-17	USA: Connecticut	29767
OM044089	2021-12-18	USA: Connecticut	29778
OM044093	2021-12-18	USA: Connecticut	29716
OM044094	2021-12-18	USA: Connecticut	29717
OM055655	2021-11-26	USA: Alabama	29799
OM055656	2021-11-27	USA: Alabama	29840
OM055657	2021-11-27	USA: Alabama	29812
OM055658	2021-11-27	USA: Alabama	29800
OM055659	2021-11-27	USA: Alabama	29815
OM055660	2021-11-27	USA: Alabama	29845
ON195913	2021-09-03	USA	29704
ON195923	2021-09-03	USA	29711
ON195948	2021-08-31	USA	29697
ON196035	2021-09-01	USA	29693
ON196045	2021-09-04	USA	29701
ON196065	2021-09-04	USA	29693
OP868009	2022-10-08	USA: New York	29656
OP868011	2022-10-08	USA: New Jersey	29720
OP868013	2022-10-08	USA: New Jersey	29688
OP868014	2022-10-08	USA: New York	29721
OP868015	2022-10-08	USA: Florida	29717
OP868016	2022-10-08	USA: Pennsylvania	29711
OP868017	2022-10-08	USA: Pennsylvania	29687
OP868018	2022-10-08	USA: Wisconsin	29721
OP868019	2022-10-08	USA: Wisconsin	29592
OP868020	2022-10-08	USA: Wisconsin	29657
OP868021	2022-10-08	USA: Illinois	29720
OP868023	2022-10-08	USA: New York	29727
OP868024	2022-10-08	USA: Kansas	29688
OP868025	2022-10-08	USA: Washington	29719
OP868027	2022-10-08	USA: Pennsylvania	29655
OP868028	2022-10-08	USA: Illinois	29648
OP868030	2022-10-08	USA: Pennsylvania	29720
OP868031	2022-10-08	USA: Minnesota	29604
OP868032	2022-10-08	USA: New Jersey	29657
OP868034	2022-10-08	USA: Connecticut	29625
OP868035	2022-10-08	USA: New Jersey	29625
OP868036	2022-10-08	USA: Illinois	29720
OP868037	2022-10-08	USA: New Jersey	29721
OP868038	2022-10-08	USA: New York	29720
OP868039	2022-10-08	USA: Kansas	29711
OP868040	2022-10-08	USA: Connecticut	29720
OP868041	2022-10-08	USA: Iowa	29720
OP868042	2022-10-08	USA: Colorado	29720
OP868043	2022-10-08	USA: Arizona	29683
OP868044	2022-10-08	USA: New Mexico	29720
OP868045	2022-10-08	USA: Arizona	29711
OP868046	2022-10-08	USA: South Carolina	29646
OP868047	2022-10-08	USA: Ohio	29711
OP868048	2022-10-08	USA: Nevada	29687
OP868049	2022-10-08	USA: Arizona	29720
OP868050	2022-10-08	USA: Arizona	29712
OP868051	2022-10-08	USA: District of Columbia	29688
OP868052	2022-10-08	USA: California	29624
OP868053	2022-10-08	USA: Arizona	29720
OP868054	2022-10-08	USA: Arizona	29689
OP868055	2022-10-08	USA: Nevada	29688
OP868056	2022-10-08	USA: Nevada	29688
OP868057	2022-10-08	USA: Nevada	29661
OP868059	2022-10-08	USA: Colorado	29622
OP868060	2022-10-08	USA: Nebraska	29712
OP868062	2022-10-08	USA: New York	29717
OP868063	2022-10-08	USA: Kentucky	29678
OP868064	2022-10-08	USA: Rhode Island	29687
OP868065	2022-10-08	USA: Rhode Island	29625
OP868066	2022-10-08	USA: Indiana	29720
OP868067	2022-10-08	USA: Indiana	29687
OP868068	2022-10-08	USA: Indiana	29657
OP868070	2022-10-08	USA: Rhode Island	29686
OP868072	2022-10-08	USA: Illinois	29687
OP868074	2022-10-08	USA: Arkansas	29720
OP868075	2022-10-08	USA: Vermont	29681
OP868076	2022-10-08	USA: Indiana	29657
OP868077	2022-10-09	USA: Kansas	29642
OP868079	2022-10-09	USA: Kansas	29687
OP868080	2022-10-09	USA: New York	29581
OP868082	2022-10-09	USA: Connecticut	29712
OP868083	2022-10-09	USA: Pennsylvania	29687
OP868085	2022-10-09	USA: Florida	29720
OP868086	2022-10-09	USA: New Jersey	29721
OP868089	2022-10-09	USA: Washington	29720
OP868090	2022-10-09	USA: Delaware	29678
OP868091	2022-10-09	USA: New Jersey	29693
OP868092	2022-10-09	USA: Wisconsin	29720
OP868094	2022-10-09	USA: North Carolina	29720
OP868095	2022-10-09	USA: New Jersey	29711
OP868096	2022-10-09	USA: North Carolina	29611
OP868097	2022-10-09	USA: New York	29615
OP868099	2022-10-09	USA: New Jersey	29720
OP868100	2022-10-09	USA: New York	29720
OP868101	2022-10-09	USA: New York	29622
OP868102	2022-10-09	USA: New York	29716
OP868103	2022-10-09	USA: Virginia	29587
OP868106	2022-10-09	USA: Minnesota	29657
OP868107	2022-10-09	USA: New Mexico	29592
OP868108	2022-10-09	USA: Utah	29717
OP868109	2022-10-09	USA: Connecticut	29625
OP868112	2022-10-09	USA: New York	29720
OP868113	2022-10-09	USA: Connecticut	29696
OP868114	2022-10-09	USA: Connecticut	29692
OP868115	2022-10-09	USA: Connecticut	29720
OP868117	2022-10-09	USA: Oregon	29687
OP868119	2022-10-09	USA: Maryland	29687
OP868120	2022-10-09	USA: Nevada	29719
OP868123	2022-10-09	USA: Wisconsin	29720
OP868128	2022-10-09	USA: Wisconsin	29687
OP868129	2022-10-09	USA: Wisconsin	29624
OP868130	2022-10-09	USA: Indiana	29624
OP868131	2022-10-09	USA: Illinois	29655
OP868133	2022-10-09	USA: Indiana	29684
OP868135	2022-10-09	USA: Illinois	29717
OP868136	2022-10-09	USA: Indiana	29721
OP868138	2022-10-09	USA: Utah	29721
OP868139	2022-10-09	USA: Arizona	29714
OP868141	2022-10-09	USA: Illinois	29619
OP868142	2022-10-09	USA: Maryland	29720
OP868143	2022-10-09	USA: Ohio	29678
OP868144	2022-10-09	USA: Pennsylvania	29711
OP868145	2022-10-09	USA: Pennsylvania	29657
OP868146	2022-10-09	USA: Ohio	29657
OP868147	2022-10-09	USA: Kentucky	29721
OP868148	2022-10-09	USA: Kentucky	29720
OP868149	2022-10-09	USA: Kentucky	29720
OP868151	2022-10-09	USA: Indiana	29719
OP868152	2022-10-09	USA: Illinois	29725
OP868153	2022-10-09	USA: Nevada	29657
OP868154	2022-10-09	USA: Washington	29624
OP868156	2022-10-09	USA: Arizona	29720
OP868157	2022-10-09	USA: Arizona	29681
OP868158	2022-10-09	USA: Illinois	29657
OP868159	2022-10-09	USA: Indiana	29625
OP868161	2022-10-09	USA: District of Columbia	29685
OP868164	2022-10-09	USA: Maryland	29720
OP868165	2022-10-09	USA: District of Columbia	29644
OP868166	2022-10-09	USA: Illinois	29721
OP868167	2022-10-09	USA: Nevada	29720
OP868168	2022-10-09	USA: District of Columbia	29686
OP868169	2022-10-09	USA: Illinois	29614
OP868170	2022-10-09	USA: Illinois	29721
OP868171	2022-10-09	USA: Washington	29686
OP868173	2022-10-09	USA: Washington	29657
OP868176	2022-10-09	USA: Washington	29688
OP868177	2022-10-09	USA: Washington	29720
OP868178	2022-10-09	USA: Washington	29687
OP868181	2022-10-09	USA: Illinois	29656
OP868182	2022-10-09	USA: Illinois	29687
OP868183	2022-10-09	USA: Washington	29720
OP868184	2022-10-09	USA: Indiana	29678
OP868185	2022-10-10	USA: Colorado	29720
OP868186	2022-10-10	USA: Minnesota	29711
OP868189	2022-10-10	USA: Texas	29720
OP868191	2022-10-10	USA: Pennsylvania	29688
OP868192	2022-10-10	USA: Pennsylvania	29685
OP868194	2022-10-10	USA: Ohio	29657
OP868195	2022-10-10	USA: Arizona	29657
OP868197	2022-10-10	USA: Arizona	29711
OP868200	2022-10-10	USA: Minnesota	29623
OP868201	2022-10-10	USA: Minnesota	29655
OP868202	2022-10-10	USA: Missouri	29687
OP868203	2022-10-10	USA: Missouri	29721
OP868205	2022-10-10	USA: Colorado	29681
OP868206	2022-10-10	USA: Illinois	29721
OP868208	2022-10-10	USA: Colorado	29721
OP868209	2022-10-10	USA: Illinois	29625
OP868210	2022-10-10	USA: Colorado	29712
OP868215	2022-10-10	USA: New Mexico	29624
OP868217	2022-10-10	USA: California	29720
OP868218	2022-10-10	USA: Nevada	29657
OP868221	2022-10-10	USA: Arizona	29721
OP868222	2022-10-10	USA: Colorado	29655
OP868225	2022-10-10	USA: New Mexico	29717
OP868229	2022-10-10	USA: Colorado	29720
OP868230	2022-10-10	USA: Nevada	29625
OP868231	2022-10-10	USA: Colorado	29654
OP868233	2022-10-10	USA: Colorado	29657
OP868234	2022-10-10	USA: Nevada	29592
OP868235	2022-10-10	USA: Colorado	29684
OP868237	2022-10-10	USA: West Virginia	29719
OP868240	2022-10-10	USA: Washington	29720
OP868242	2022-10-10	USA: Washington	29625
OP868243	2022-10-10	USA: Indiana	29655
OP868244	2022-10-10	USA: Indiana	29624
OP868245	2022-10-10	USA: Missouri	29711
OP868248	2022-10-10	USA: Kansas	29716
OP868249	2022-10-10	USA: Kansas	29720
OP868250	2022-10-10	USA: Missouri	29686
OP868252	2022-10-10	USA: Kansas	29720
OP868256	2022-10-10	USA: Texas	29720
OP868258	2022-10-10	USA: Wisconsin	29681
OP868259	2022-10-10	USA: Wisconsin	29698
OP868260	2022-10-10	USA: Illinois	29687
OP868261	2022-10-10	USA: Illinois	29721
OP868264	2022-10-10	USA: Illinois	29687
OP868265	2022-10-10	USA: Illinois	29714
OP868266	2022-10-10	USA: Illinois	29592
OP868267	2022-10-10	USA: Illinois	29591
OP868268	2022-10-10	USA: Illinois	29711
OP868271	2022-10-10	USA: West Virginia	29655
OP868274	2022-10-10	USA: Utah	29625
OP868276	2022-10-10	USA: Arkansas	29688
OP868277	2022-10-10	USA: Washington	29686
OP868278	2022-10-10	USA: Washington	29682
OP868281	2022-10-10	USA: Oregon	29711
OP868283	2022-10-10	USA: Oregon	29688
OP868284	2022-10-10	USA: West Virginia	29592
OP868286	2022-10-10	USA: Ohio	29720
OP868287	2022-10-10	USA: Texas	29727
OP868289	2022-10-10	USA: Indiana	29720
OP868290	2022-10-10	USA: Wisconsin	29625
OP868292	2022-10-10	USA: West Virginia	29711
OP868293	2022-10-10	USA: Arizona	29720
OP868294	2022-10-10	USA: Arizona	29687
OP868295	2022-10-10	USA: Arizona	29720
OP868296	2022-10-10	USA: Wisconsin	29673
OP868300	2022-10-10	USA: Michigan	29655
OP868301	2022-10-10	USA: Michigan	29657
OP868304	2022-10-10	USA: Wisconsin	29720
OP868305	2022-10-10	USA: Wisconsin	29657
OP868306	2022-10-10	USA: Ohio	29663
OP868307	2022-10-10	USA: West Virginia	29687
OP868308	2022-10-10	USA: Arizona	29684
OP868309	2022-10-10	USA: Illinois	29624
OP868311	2022-10-10	USA: North Carolina	29469
OP868312	2022-10-10	USA: Florida	29721
OP868313	2022-10-10	USA: Florida	29647
OP868315	2022-10-10	USA: Connecticut	29656
OP868316	2022-10-10	USA: Tennessee	29712
OP868320	2022-10-10	USA: New York	29721
OP868321	2022-10-10	USA: Connecticut	29685
OP868322	2022-10-10	USA: Connecticut	29657
OP868324	2022-10-10	USA: Connecticut	29720
OP868325	2022-10-10	USA: New Jersey	29720
OP868326	2022-10-10	USA: Florida	29721
OP868327	2022-10-10	USA: Florida	29711
OP868328	2022-10-10	USA: North Carolina	29625
OP868329	2022-10-10	USA: North Carolina	29721
OP868331	2022-10-10	USA: Virginia	29654
OP868332	2022-10-10	USA: South Carolina	29719
OP868333	2022-10-10	USA: Virginia	29678
OP868334	2022-10-10	USA: Virginia	29657
OP868335	2022-10-10	USA: North Carolina	29583
OP868336	2022-10-10	USA: North Carolina	29610
OP868337	2022-10-10	USA: North Carolina	29719
OP868339	2022-10-10	USA: Maryland	29687
OP868340	2022-10-10	USA: Florida	29741
OP868342	2022-10-10	USA: Maryland	29719
OP868343	2022-10-10	USA: Maryland	29720
OP868344	2022-10-10	USA: Maryland	29624
OP868345	2022-10-10	USA: Maryland	29687
OP868346	2022-10-10	USA: Maryland	29687
OP868349	2022-10-10	USA: New York	29721
OP868351	2022-10-10	USA: Indiana	29687
OP868352	2022-10-10	USA: Florida	29687
OP868353	2022-10-10	USA: North Carolina	29720
OP868355	2022-10-10	USA: New York	29651
OP868356	2022-10-10	USA: New York	29720
OP868357	2022-10-10	USA: New Hampshire	29720
OP868358	2022-10-10	USA: Rhode Island	29624
OP868359	2022-10-10	USA: Rhode Island	29592
OP868360	2022-10-10	USA: Virginia	29625
OP868361	2022-10-10	USA: New Hampshire	29625
OP868362	2022-10-10	USA: New Hampshire	29658
OP868364	2022-10-10	USA: North Carolina	29719
OP868366	2022-10-10	USA: Virginia	29720
OP868367	2022-10-10	USA: Virginia	29624
OP868369	2022-10-10	USA: New Jersey	29720
OP868370	2022-10-10	USA: New Jersey	29687
OP868372	2022-10-10	USA: Virginia	29579
OP868373	2022-10-10	USA: Virginia	29624
OP868374	2022-10-10	USA: Virginia	29586
OP868375	2022-10-10	USA: North Carolina	29654
OP868376	2022-10-10	USA: North Carolina	29623
OP868377	2022-10-10	USA: North Carolina	29554
OP868379	2022-10-10	USA: New Hampshire	29687
OP868380	2022-10-10	USA: New Jersey	29720
OP868381	2022-10-10	USA: New York	29717
OP868382	2022-10-10	USA: Florida	29592
OP868383	2022-10-10	USA: Florida	29687
OP868384	2022-10-10	USA: Florida	29720
OP868386	2022-10-10	USA: North Carolina	29721
OP868387	2022-10-10	USA: North Carolina	29657
OP868388	2022-10-10	USA: North Carolina	29720
OP868389	2022-10-10	USA: District of Columbia	29720
OP868391	2022-10-10	USA: Virginia	29718
OP868392	2022-10-10	USA: Virginia	29657
OP868394	2022-10-10	USA: Virginia	29720
OP868395	2022-10-10	USA: New Mexico	29720
OP868396	2022-10-10	USA: Virginia	29711
OP868397	2022-10-10	USA: Utah	29657
OP868398	2022-10-10	USA: Florida	29654
OP868399	2022-10-10	USA: Kentucky	29720
OP868400	2022-10-10	USA: West Virginia	29649
OP868401	2022-10-10	USA: Indiana	29672
OP868402	2022-10-10	USA: Missouri	29720
OP868403	2022-10-10	USA: Missouri	29720
OP868405	2022-10-10	USA: California	29675
OP868406	2022-10-10	USA: California	29719
OP868407	2022-10-10	USA: Illinois	29616
OP868408	2022-10-10	USA: Kentucky	29655
OP868410	2022-10-10	USA: North Carolina	29655
OP868411	2022-10-10	USA: California	29721
OP868412	2022-10-10	USA: Nevada	29721
OP868413	2022-10-10	USA: California	29656
OP868415	2022-10-10	USA: Hawaii	29625
OP868416	2022-10-10	USA: California	29686
OP868417	2022-10-10	USA: Washington	29678
OP868418	2022-10-10	USA: Washington	29688
OP868419	2022-10-10	USA: Idaho	29720
OP868421	2022-10-10	USA: North Carolina	29530
OP868422	2022-10-10	USA: Indiana	29721
OP868423	2022-10-10	USA: North Carolina	29678
OP868424	2022-10-10	USA: North Carolina	29687
OP868429	2022-10-10	USA: Virginia	29582
OP868430	2022-10-10	USA: Virginia	29710
OP868432	2022-10-10	USA: North Carolina	29711
OP868434	2022-10-10	USA: North Carolina	29687
OP868435	2022-10-10	USA: North Carolina	29649
OP868440	2022-10-10	USA: North Carolina	29687
OP868441	2022-10-10	USA: North Carolina	29711
OP868442	2022-10-10	USA: Virginia	29655
OP868444	2022-10-10	USA: South Carolina	29727
OP868445	2022-10-10	USA: North Carolina	29720
OP868446	2022-10-10	USA: District of Columbia	29720
OP868448	2022-10-11	USA: Nevada	29720
OP868450	2022-10-11	USA: Texas	29693
OP868452	2022-10-11	USA: Arizona	29626
OP868453	2022-10-11	USA: Nevada	29687
OP868454	2022-10-11	USA: Arizona	29657
OP868455	2022-10-11	USA: Arizona	29657
OP868456	2022-10-11	USA: Nevada	29589
OP868457	2022-10-11	USA: Nevada	29720
OP868458	2022-10-11	USA: Nevada	29687
OP868459	2022-10-11	USA: New Mexico	29625
OP868461	2022-10-11	USA: Arizona	29720
OP868462	2022-10-11	USA: Nevada	29714
OP868464	2022-10-11	USA: California	29726
OP868467	2022-10-11	USA: Nevada	29663
OP868470	2022-10-11	USA: Texas	29720
OP868471	2022-10-11	USA: Colorado	29720
OP868472	2022-10-11	USA: Colorado	29656
OP868473	2022-10-11	USA: Colorado	29646
OP868477	2022-10-11	USA: Illinois	29721
OP868478	2022-10-11	USA: Kansas	29624
OP868479	2022-10-11	USA: Kansas	29686
OP868480	2022-10-11	USA: Missouri	29720
OP868482	2022-10-11	USA: Utah	29625
OP868483	2022-10-11	USA: Utah	29721
OP868484	2022-10-11	USA: Texas	29624
OP868485	2022-10-11	USA: Arizona	29656
OP868487	2022-10-11	USA: Kansas	29720
OP868488	2022-10-11	USA: California	29595
OP868489	2022-10-11	USA: California	29656
OP868490	2022-10-11	USA: California	29707
OP868491	2022-10-11	USA: California	29688
OP868492	2022-10-11	USA: California	29720
OP868493	2022-10-11	USA: California	29719
OP868494	2022-10-11	USA: California	29720
OP868496	2022-10-11	USA: California	29721
OP868497	2022-10-11	USA: California	29687
OP868498	2022-10-11	USA: California	29720
OP868499	2022-10-11	USA: California	29687
OP868500	2022-10-11	USA: California	29619
OP868501	2022-10-11	USA: California	29592
OP868502	2022-10-11	USA: California	29693
OP868503	2022-10-11	USA: California	29721
OP868509	2022-10-11	USA: California	29720
OP868510	2022-10-11	USA: California	29720
OP868514	2022-10-11	USA: California	29656
OP868516	2022-10-11	USA: New Mexico	29684
OP868519	2022-10-11	USA: California	29720
OP868520	2022-10-11	USA: California	29720
OP868521	2022-10-11	USA: California	29592
OP868524	2022-10-11	USA: California	29721
OP868525	2022-10-11	USA: California	29720
OP868526	2022-10-11	USA: California	29625
OP868527	2022-10-11	USA: California	29624
OP868528	2022-10-11	USA: California	29714
OP868529	2022-10-11	USA: California	29657
OP868530	2022-10-11	USA: California	29720
OP868532	2022-10-11	USA: California	29711
OP868533	2022-10-11	USA: California	29657
OP868534	2022-10-11	USA: California	29720
OP868535	2022-10-12	USA: California	29720
OP868536	2022-10-12	USA: California	29657
OP868537	2022-10-12	USA: California	29624
OP868538	2022-10-12	USA: California	29716
OP868541	2022-10-12	USA: California	29625
OP868542	2022-10-12	USA: California	29720
OP868544	2022-10-12	USA: California	29720
OP868546	2022-10-12	USA: California	29720
OP868548	2022-10-12	USA: California	29686
OP868551	2022-10-12	USA: California	29657
OP868552	2022-10-12	USA: California	29720
OP868553	2022-10-12	USA: California	29685
OP868555	2022-10-12	USA: California	29723
OP868556	2022-10-12	USA: California	29721
OP868557	2022-10-12	USA: California	29686
OP868559	2022-10-12	USA: California	29592
OP868561	2022-10-12	USA: South Carolina	29719
OP868562	2022-10-12	USA: California	29720
OP868563	2022-10-12	USA: California	29721
OP868564	2022-10-12	USA: California	29720
OP868565	2022-10-12	USA: California	29655
OP868566	2022-10-12	USA: Nevada	29720
OP868567	2022-10-12	USA: California	29714
OP868569	2022-10-12	USA: California	29657
OP868570	2022-10-12	USA: California	29615
OP868571	2022-10-12	USA: California	29625
OP868573	2022-10-12	USA: California	29720
OP868574	2022-10-12	USA: California	29686
OR363634	2020-07-27	India: Madhya Pradesh, Balaghat	29814
OR363635	2021-04-16	India: Madhya Pradesh, Balaghat	29792
OR363636	2021-04-18	India: Madhya Pradesh, Balaghat	29792
OR363637	2021-04-19	India: Madhya Pradesh, Balaghat	29807
OR363638	2021-04-20	India: Madhya Pradesh, Balaghat	29799
OR363639	2021-04-18	India: Madhya Pradesh, Balaghat	29794
OR363640	2021-04-20	India: Madhya Pradesh, Balaghat	29806
OR363641	2021-04-27	India: Madhya Pradesh, Balaghat	29805
OR986844	2023-11-27	USA: New York	29721
OR986845	2023-11-27	USA: Massachusetts	29721
OR986846	2023-11-27	USA: New York	29721
OR986851	2023-11-27	USA: New York	29721
OR986852	2023-11-27	USA: New York	29721
OR986853	2023-11-27	USA: New York	29721
OR986854	2023-11-28	USA: New York	29721
OR986855	2023-11-28	USA: New Jersey	29721
OR986859	2023-11-28	USA: Arizona	29721
OR986861	2023-11-28	USA: New York	29721
OR986867	2023-11-28	USA: New York	29721
OR986870	2023-11-28	USA: New York	29721
OR986872	2023-11-28	USA: Arizona	29721
OR986887	2023-11-28	USA: New York	29721
OR986888	2023-11-28	USA: New York	29721
OR986891	2023-11-28	USA: Arizona	29721
OR986893	2023-11-28	USA: New York	29721
OR986899	2023-11-28	USA: New York	29721
OR986901	2023-11-28	USA: Virginia	29721
OR986905	2023-11-28	USA: New York	29721
OR986906	2023-11-28	USA: New York	29721
OR986915	2023-11-28	USA: Massachusetts	29721
OR986924	2023-11-28	USA: New York	29721
OR986927	2023-11-28	USA: New York	29721
OR986943	2023-11-28	USA: New York	29721
OR986952	2023-11-28	USA: Arizona	29721
OR986957	2023-11-28	USA: New Jersey	29721
OR986960	2023-11-28	USA: New York	29721
OR986961	2023-11-28	USA: New York	29721
OR986970	2023-11-28	USA: New York	29718
OR986982	2023-11-28	USA: Arizona	29721
OR986983	2023-11-28	USA: New York	29721
OR986986	2023-11-28	USA: New York	29721
OR986987	2023-11-28	USA: New York	29718
OR986993	2023-11-28	USA: New Jersey	29721
OR986994	2023-11-28	USA: New Jersey	29721
OR986997	2023-11-28	USA: New York	29721
OR987000	2023-11-28	USA: New York	29721
OR987001	2023-11-28	USA: New York	29721
OR987003	2023-11-28	USA: New Jersey	29721
OR987004	2023-11-28	USA: Arizona	29721
OR987007	2023-11-28	USA: California	29721
OR987010	2023-11-28	USA: New York	29721
OR987012	2023-11-28	USA: Arizona	29721
OR987014	2023-11-28	USA: New York	29721
OR987019	2023-11-28	USA: New York	29721
OR987020	2023-11-28	USA: New York	29719
OR987024	2023-11-28	USA: New York	29721
OR987025	2023-11-28	USA: New York	29721
OR987027	2023-11-28	USA: New Jersey	29721
OR987028	2023-11-29	USA: New York	29698
OR987032	2023-11-29	USA: New York	29721
OR987035	2023-11-29	USA: New Jersey	29721
OR987036	2023-11-29	USA: New York	29721
OR987037	2023-11-29	USA: New York	29721
OR987042	2023-11-29	USA: New York	29721
OR987045	2023-11-29	USA: New York	29721
OR987046	2023-11-29	USA: New York	29721
OR987050	2023-11-29	USA: New York	29721
OR987052	2023-11-29	USA: New Jersey	29721
OR987057	2023-11-29	USA: New York	29721
OR987058	2023-11-29	USA: New York	29721
OR987063	2023-11-29	USA: New Jersey	29721
OR987066	2023-11-29	USA: New York	29721
OR987068	2023-11-29	USA: New York	29721
OR987073	2023-11-29	USA: New Jersey	29721
OR987074	2023-11-29	USA: New York	29721
OR987079	2023-11-29	USA: Pennsylvania	29721
OR987080	2023-11-29	USA: New York	29721
OZ208436	2024-11-11	United Kingdom:Scotland	29847
OZ208437	2024-11-07	United Kingdom:Scotland	29844
OZ208438	2024-11-18	United Kingdom:Scotland	29847
OZ208439	2024-11-16	United Kingdom:Scotland	29874
OZ208440	2024-11-11	United Kingdom:Scotland	29847
OZ208441	2024-10-18	United Kingdom:Scotland	29847
OZ208442	2024-11-05	United Kingdom:Scotland	29856
OZ208443	2024-11-10	United Kingdom:Scotland	29847
OZ208444	2024-11-01	United Kingdom:Scotland	29844
OZ208445	2024-11-12	United Kingdom:Scotland	29847
OZ208446	2024-11-16	United Kingdom:Scotland	29847
OZ208447	2024-11-04	United Kingdom:Scotland	29847
OZ208448	2024-11-21	United Kingdom:Scotland	29847
OZ208449	2024-11-12	United Kingdom:Scotland	29855
OZ208450	2024-11-13	United Kingdom:Scotland	29844
OZ208451	2024-11-15	United Kingdom:Scotland	29850
OZ208452	2024-11-17	United Kingdom:Scotland	29847
OZ208453	2024-11-09	United Kingdom:Scotland	29844
OZ208454	2024-11-15	United Kingdom:Scotland	29844
OZ208455	2024-11-05	United Kingdom:Scotland	29838
OZ208456	2024-11-12	United Kingdom:Scotland	29849
OZ208457	2024-11-13	United Kingdom:Scotland	29882
OZ208458	2024-11-14	United Kingdom:Scotland	29844
OZ208459	2024-11-12	United Kingdom:Scotland	29847
OZ208460	2024-11-02	United Kingdom:Scotland	29832
OZ208461	2024-11-17	United Kingdom:Scotland	29848
OZ208462	2024-11-12	United Kingdom:Scotland	29844
OZ208463	2024-11-12	United Kingdom:Scotland	29870
OZ208464	2024-11-17	United Kingdom:Scotland	29843
OZ208465	2024-11-16	United Kingdom:Scotland	29847
OZ208466	2024-11-13	United Kingdom:Scotland	29847
OZ208467	2024-11-12	United Kingdom:Scotland	29867
OZ208468	2024-11-15	United Kingdom:Scotland	29847
OZ208469	2024-11-05	United Kingdom:Scotland	29894
OZ208470	2024-11-19	United Kingdom:Scotland	29851
OZ208471	2024-11-08	United Kingdom:Scotland	29843
OZ208472	2024-11-08	United Kingdom:Scotland	29851
OZ208473	2024-11-16	United Kingdom:Scotland	29847
OZ208474	2024-11-05	United Kingdom:Scotland	29869
OZ208475	2024-11-11	United Kingdom:Scotland	29879
OZ208476	2024-11-21	United Kingdom:Scotland	29856
OZ208477	2024-11-13	United Kingdom:Scotland	29844
OZ208478	2024-11-13	United Kingdom:Scotland	29846
OZ208479	2024-11-01	United Kingdom:Scotland	29876
OZ208480	2024-11-18	United Kingdom:Scotland	29853
OZ208481	2024-11-16	United Kingdom:Scotland	29847
OZ208482	2024-11-05	United Kingdom:Scotland	29876
OZ208483	2024-11-15	United Kingdom:Scotland	29844
OZ208484	2024-11-17	United Kingdom:Scotland	29848
OZ208485	2024-11-17	United Kingdom:Scotland	29844
OZ208486	2024-11-04	United Kingdom:Scotland	29859
OZ208487	2024-11-19	United Kingdom:Scotland	29846
OZ208488	2024-11-13	United Kingdom:Scotland	29847
OZ208489	2024-11-04	United Kingdom:Scotland	29844
OZ208490	2024-11-11	United Kingdom:Scotland	29867
OZ208491	2024-11-05	United Kingdom:Scotland	29876
OZ208492	2024-11-16	United Kingdom:Scotland	29881
OZ208493	2024-11-19	United Kingdom:Scotland	29844
OZ208494	2024-11-19	United Kingdom:Scotland	29872
OZ208495	2024-11-19	United Kingdom:Scotland	29844
OZ208496	2024-11-20	United Kingdom:Scotland	29844
OZ208497	2024-11-15	United Kingdom:Scotland	29869
OZ208498	2024-11-22	United Kingdom:Scotland	29851
OZ208499	2024-11-10	United Kingdom:Scotland	29851
OZ208500	2024-11-21	United Kingdom:Scotland	29848
OZ208501	2024-11-17	United Kingdom:Scotland	29844
OZ208502	2024-10-30	United Kingdom:Scotland	29850
OZ208503	2024-11-20	United Kingdom:Scotland	29847
OZ208504	2024-11-18	United Kingdom:Scotland	29832
OZ208505	2024-11-09	United Kingdom:Scotland	29859
OZ208506	2024-11-18	United Kingdom:Scotland	29850
OZ208507	2024-11-11	United Kingdom:Scotland	29847
OZ208508	2024-11-09	United Kingdom:Scotland	29849
OZ208509	2024-11-17	United Kingdom:Scotland	29861
OZ208510	2024-11-19	United Kingdom:Scotland	29844
OZ208511	2024-11-21	United Kingdom:Scotland	29873
OZ208513	2024-11-20	United Kingdom:Scotland	29872
OZ208514	2024-11-21	United Kingdom:Scotland	29851
OZ208515	2024-11-14	United Kingdom:Scotland	29831
OZ208516	2024-11-11	United Kingdom:Scotland	29851
OZ208517	2024-11-18	United Kingdom:Scotland	29845
OZ208518	2024-11-09	United Kingdom:Scotland	29854
OZ208519	2024-11-19	United Kingdom:Scotland	29852
OZ387102	2025-12-10	United Kingdom:England	29875
OZ387103	2025-11-24	United Kingdom:England	29879
OZ387104	2025-11-24	United Kingdom:England	29879
OZ387105	2025-12-01	United Kingdom:England	29880
OZ387106	2025-11-29	United Kingdom:England	29864
OZ387107	2025-12-01	United Kingdom:England	29872
OZ387108	2025-12-03	United Kingdom:England	29872
OZ387109	2025-12-10	United Kingdom:England	29881
OZ387110	2025-12-10	United Kingdom:England	29878
OZ387111	2025-11-23	United Kingdom:England	29847
OZ387112	2025-11-27	United Kingdom:England	29871
OZ387113	2025-12-10	United Kingdom:England	29873
OZ387114	2025-12-04	United Kingdom:England	29879
OZ387207	2025-12-04	United Kingdom:England	29873
OZ387787	2025-12-04	United Kingdom:Northern_Ireland	29847
OZ387788	2025-11-28	United Kingdom:Northern_Ireland	29845
OZ387789	2025-11-21	United Kingdom:Northern_Ireland	29847
OZ387790	2025-12-01	United Kingdom:Northern_Ireland	29812
OZ387791	2025-11-25	United Kingdom:Northern_Ireland	29847
OZ387792	2025-11-29	United Kingdom:Northern_Ireland	29847
OZ387793	2025-11-26	United Kingdom:Northern_Ireland	29847
OZ387794	2025-11-28	United Kingdom:Northern_Ireland	29838
OZ387795	2025-12-02	United Kingdom:Northern_Ireland	29850
OZ387796	2025-12-03	United Kingdom:Northern_Ireland	29847
OZ387797	2025-11-20	United Kingdom:Northern_Ireland	29847
OZ387798	2025-12-02	United Kingdom:Northern_Ireland	29847
OZ387799	2025-12-07	United Kingdom:Northern_Ireland	29839
OZ387800	2025-11-14	United Kingdom:Northern_Ireland	29847
OZ387801	2025-12-03	United Kingdom:Northern_Ireland	29841
OZ387802	2025-12-04	United Kingdom:Northern_Ireland	29847
OZ387803	2025-11-26	United Kingdom:Northern_Ireland	29846
OZ387805	2025-12-02	United Kingdom:Northern_Ireland	29847
OZ387806	2025-11-25	United Kingdom:Northern_Ireland	29847
OZ387807	2025-11-26	United Kingdom:Northern_Ireland	29847
OZ387808	2025-12-01	United Kingdom:Northern_Ireland	29847
OZ387809	2025-12-04	United Kingdom:Northern_Ireland	29840
OZ387810	2025-12-05	United Kingdom:Northern_Ireland	29844
OZ387811	2025-11-26	United Kingdom:Northern_Ireland	29847
OZ387812	2025-11-25	United Kingdom:Northern_Ireland	29847
OZ387813	2025-12-04	United Kingdom:Northern_Ireland	29859
OZ387814	2025-11-21	United Kingdom:Northern_Ireland	29851
OZ387815	2025-12-01	United Kingdom:Northern_Ireland	29847
OZ387816	2025-12-01	United Kingdom:Northern_Ireland	29841
OZ387817	2025-11-17	United Kingdom:Northern_Ireland	29851
OZ387818	2025-12-04	United Kingdom:Northern_Ireland	29847
OZ387819	2025-12-01	United Kingdom:Northern_Ireland	29847
OZ387820	2025-12-01	United Kingdom:Northern_Ireland	29847
OZ387854	2025-12-02	United Kingdom:Northern_Ireland	29847
OZ387855	2025-12-02	United Kingdom:Northern_Ireland	29851
OZ387856	2025-11-25	United Kingdom:Northern_Ireland	29851
OZ387857	2025-12-02	United Kingdom:Northern_Ireland	29850
OZ387858	2025-11-22	United Kingdom:Northern_Ireland	29850
OZ387859	2025-11-13	United Kingdom:Northern_Ireland	29854
OZ387860	2025-12-04	United Kingdom:Northern_Ireland	29845
OZ387861	2025-11-13	United Kingdom:Northern_Ireland	29848
OZ387862	2025-11-30	United Kingdom:Northern_Ireland	29847
OZ387863	2025-12-01	United Kingdom:Northern_Ireland	29847
OZ387864	2025-12-04	United Kingdom:Northern_Ireland	29847
OZ388080	2025-12-17	United Kingdom:England	29873
OZ388081	2025-12-17	United Kingdom:England	29870
OZ388082	2025-12-17	United Kingdom:England	29873
OZ388083	2025-12-17	United Kingdom:England	29869
OZ388084	2025-12-17	United Kingdom:England	29873
OZ388085	2025-12-17	United Kingdom:England	29879
OZ388086	2025-12-17	United Kingdom:England	29870
OZ388087	2025-12-17	United Kingdom:England	29865
OZ388088	2025-12-08	United Kingdom:England	29882
OZ388117	2025-12-11	United Kingdom:England	29873
OZ388118	2025-12-17	United Kingdom:England	29873
OZ388119	2025-12-01	United Kingdom:Northern_Ireland	29847
OZ388120	2025-12-06	United Kingdom:England	29873
OZ388121	2025-12-08	United Kingdom:England	29872
OZ388122	2025-12-17	United Kingdom:England	29869
OZ388132	2025-12-04	United Kingdom:England	29859
OZ388133	2025-12-05	United Kingdom:England	29873
OZ388134	2025-12-13	United Kingdom:England	29844
OZ388135	2025-12-05	United Kingdom:England	29841
OZ388136	2025-12-04	United Kingdom:England	29856
OZ388137	2025-12-13	United Kingdom:England	29853
OZ388138	2025-12-12	United Kingdom:England	29873
OZ388139	2025-12-02	United Kingdom:England	29853
OZ388140	2025-12-08	United Kingdom:England	29862
OZ388141	2025-12-11	United Kingdom:England	29838
OZ388142	2025-12-12	United Kingdom:England	29849
OZ388143	2025-12-05	United Kingdom:England	29862
OZ388144	2025-12-10	United Kingdom:England	29853
OZ388145	2025-12-07	United Kingdom:England	29865
OZ388146	2025-12-08	United Kingdom:England	29862
OZ388147	2025-12-08	United Kingdom:England	29856
OZ388148	2025-12-05	United Kingdom:England	29862
OZ388149	2025-12-16	United Kingdom:England	29847
OZ388150	2025-12-04	United Kingdom:England	29847
OZ388151	2025-12-14	United Kingdom:England	29856
OZ388152	2025-12-06	United Kingdom:England	29862
OZ388153	2025-12-02	United Kingdom:England	29853
OZ388154	2025-12-03	United Kingdom:England	29862
OZ388155	2025-12-09	United Kingdom:England	29853
OZ388156	2025-12-12	United Kingdom:England	29862
OZ388157	2025-12-06	United Kingdom:England	29853
OZ388158	2025-12-14	United Kingdom:England	29888
OZ388159	2025-12-06	United Kingdom:England	29862
OZ388160	2025-12-13	United Kingdom:England	29856
OZ388161	2025-12-14	United Kingdom:England	29859
OZ388162	2025-12-06	United Kingdom:England	29859
OZ388163	2025-12-02	United Kingdom:England	29856
OZ555645	2026-08-27	United Kingdom	29888
OZ555647	2026-08-26	United Kingdom	29873
OZ555650	2026-08-25	United Kingdom	29872
OZ555652	2026-08-24	United Kingdom	29873
OZ555658	2026-08-19	United Kingdom	29881
OZ555660	2026-08-27	United Kingdom	29873
OZ555663	2026-08-26	United Kingdom	29887
OZ555669	2026-08-24	United Kingdom	29873
OZ555671	2026-08-27	United Kingdom	29873
OZ555674	2026-08-17	United Kingdom	29872
OZ556502	2026-09-06	United Kingdom	29861
OZ556503	2026-09-05	United Kingdom	29847
OZ556504	2026-09-06	United Kingdom	29868
OZ556505	2026-08-29	United Kingdom	29851
OZ556506	2026-09-06	United Kingdom	29840
OZ556507	2026-09-04	United Kingdom	29848
OZ556508	2026-09-02	United Kingdom	29851
OZ556509	2026-09-02	United Kingdom	29847
OZ556510	2026-09-04	United Kingdom	29845
OZ556514	2026-09-07	United Kingdom	29860
OZ556515	2026-09-07	United Kingdom	29849
OZ556516	2026-09-06	United Kingdom	29859
OZ556517	2026-09-02	United Kingdom	29860
OZ556518	2026-09-03	United Kingdom	29861
OZ556519	2026-08-31	United Kingdom	29846
OZ556520	2026-08-31	United Kingdom	29860
OZ556521	2026-08-30	United Kingdom	29847
OZ556522	2026-09-05	United Kingdom	29847
OZ556523	2026-09-06	United Kingdom	29847
OZ556524	2026-09-04	United Kingdom	29860
OZ556525	2026-09-06	United Kingdom	29859
OZ556526	2026-08-31	United Kingdom	29848
OZ556527	2026-09-09	United Kingdom	29859
OZ556528	2026-09-06	United Kingdom	29856
OZ556529	2026-08-31	United Kingdom	29837
OZ556530	2026-08-29	United Kingdom	29860
OZ556531	2026-09-01	United Kingdom	29850
OZ556532	2026-08-29	United Kingdom	29860
OZ556533	2026-09-08	United Kingdom	29851
OZ556534	2026-08-27	United Kingdom	29851
OZ556535	2026-09-05	United Kingdom	29847
OZ556536	2026-09-02	United Kingdom	29847
OZ556537	2026-09-01	United Kingdom	29849
OZ556538	2026-09-02	United Kingdom	29848
OZ556539	2026-09-01	United Kingdom	29859
OZ558241	2026-02-11	United Kingdom	29870
OZ558242	2026-02-06	United Kingdom	29870
OZ558243	2026-02-18	United Kingdom	29873
OZ558244	2026-02-18	United Kingdom	29864
OZ558245	2026-02-11	United Kingdom	29870
OZ558246	2026-02-04	United Kingdom	29870
OZ558247	2026-02-18	United Kingdom	29855
OZ558248	2026-02-18	United Kingdom	29873
OZ558249	2026-02-18	United Kingdom	29861
OZ558250	2026-02-16	United Kingdom	29861
OZ558251	2026-02-11	United Kingdom	29861
OZ558252	2026-02-19	United Kingdom	29870
OZ558253	2026-02-20	United Kingdom	29879
OZ558254	2026-02-18	United Kingdom	29877
OZ558255	2026-02-18	United Kingdom	29870
OZ558256	2026-02-18	United Kingdom	29870
OZ558257	2026-02-04	United Kingdom	29870
OZ558258	2025-12-28	United Kingdom	29870
OZ558259	2026-02-15	United Kingdom	29864
OZ558260	2026-01-27	United Kingdom	29870
OZ558261	2026-02-04	United Kingdom	29861
OZ558262	2026-02-18	United Kingdom	29861
OZ558263	2026-02-03	United Kingdom	29863
OZ558264	2026-02-17	United Kingdom	29863
OZ559349	2026-08-06	United Kingdom	29846
OZ559350	2026-08-05	United Kingdom	29845
OZ559351	2026-08-07	United Kingdom	29846
OZ559352	2026-07-30	United Kingdom	29872
OZ559353	2026-08-18	United Kingdom	29843
OZ559354	2026-08-12	United Kingdom	29848
OZ559355	2026-07-21	United Kingdom	29846
OZ559356	2026-08-12	United Kingdom	29852
PP024347	2023-12-04	USA: New York	29721
PP024349	2023-12-04	USA: New York	29721
PP024350	2023-12-04	USA: New York	29721
PP024353	2023-12-04	USA: New York	29721
PP024357	2023-12-04	USA: New York	29694
PP024359	2023-12-04	USA: New York	29721
PP024362	2023-12-04	USA: New York	29721
PP024368	2023-12-05	USA: New York	29721
PP024369	2023-12-05	USA: Texas	29721
PP024370	2023-12-05	USA: New York	29721
PP024376	2023-12-05	USA: New York	29721
PP024378	2023-12-05	USA: New Jersey	29721
PP024379	2023-12-05	USA: California	29721
PP024381	2023-12-05	USA: New York	29721
PP024382	2023-12-05	USA: Illinois	29721
PP024383	2023-12-05	USA: New York	29721
PP024385	2023-12-05	USA: Illinois	29721
PP024388	2023-12-05	USA: New York	29721
PP024391	2023-12-05	USA: New York	29706
PP024393	2023-12-05	USA: Illinois	29721
PP024395	2023-12-05	USA: Texas	29721
PP024404	2023-12-05	USA: New York	29721
PP024406	2023-12-05	USA: New York	29721
PP024409	2023-12-05	USA: New York	29721
PP024410	2023-12-05	USA: New York	29721
PP024411	2023-12-05	USA: New York	29721
PP024415	2023-12-05	USA: New York	29721
PP024418	2023-12-05	USA: New York	29721
PP024419	2023-12-05	USA: New York	29721
PP024420	2023-12-05	USA: California	29721
PP024422	2023-12-05	USA: Texas	29721
PP024423	2023-12-06	USA: New York	29721
PP024424	2023-12-06	USA: New York	29721
PP024426	2023-12-06	USA: New York	29721
PP024429	2023-12-06	USA: Texas	29721
PP024430	2023-12-06	USA: New York	29721
PP024431	2023-12-06	USA: New York	29721
PP024432	2023-12-06	USA: Ohio	29721
PP024434	2023-12-06	USA: New York	29721
PP024437	2023-12-06	USA: Pennsylvania	29721
PP024438	2023-12-06	USA: New Jersey	29721
PP024443	2023-12-06	USA: New York	29721
PP024447	2023-12-06	USA: Pennsylvania	29721
PP024448	2023-12-06	USA: New York	29721
PP024451	2023-12-06	USA: New York	29721
PP024452	2023-12-06	USA: Texas	29721
PP024457	2023-12-06	USA: Pennsylvania	29721
PP024459	2023-12-06	USA: New York	29721
PP024460	2023-12-06	USA: Michigan	29721
PP024462	2023-12-06	USA: New York	29721
PP024464	2023-12-06	USA: New York	29721
PP024465	2023-12-06	USA: Texas	29721
PP024466	2023-12-06	USA: New York	29721
PP024469	2023-12-06	USA: New York	29721
PP024470	2023-12-06	USA: New York	29721
PP024476	2023-12-06	USA: New York	29721
PP024478	2023-12-06	USA: Colorado	29721
PP024479	2023-12-06	USA: New York	29721
PP024480	2023-12-06	USA: Pennsylvania	29721
PP024481	2023-12-06	USA: Pennsylvania	29721
PP024482	2023-12-06	USA: Texas	29721
PP024483	2023-12-06	USA: California	29721
PP024486	2023-12-06	USA: New York	29721
PP024487	2023-12-06	USA: New York	29721
PP024489	2023-12-06	USA: New York	29721
PP024490	2023-12-06	USA: New York	29721
PP024494	2023-12-06	USA: New York	29721
PP024498	2023-12-07	USA: Nevada	29721
PP024500	2023-12-07	USA: California	29718
PP024502	2023-12-08	USA: Nevada	29721
PP024506	2023-12-08	USA: Florida	29721
PP024514	2023-12-09	USA: California	29712
PP024517	2023-12-10	USA: Florida	29724
PP024521	2023-12-10	USA: Nevada	29721
PP030828	2023-12-10	USA: Pennsylvania	29658
PP030833	2023-12-10	USA: Georgia	29723
PP030836	2023-12-11	USA: Florida	29690
PP030838	2023-12-11	USA: Florida	29594
PP030841	2023-12-11	USA: Georgia	29705
PP030842	2023-12-11	USA: Florida	29724
PP030861	2023-12-11	USA: North Carolina	29575
PP030864	2023-12-11	USA: Illinois	29690
PP030878	2023-12-11	USA: Florida	29724
PP030882	2023-12-11	USA: Florida	29577
PP030883	2023-12-11	USA: Ohio	29689
PP030890	2023-12-12	USA: Florida	29691
PP030898	2023-12-12	USA: Florida	29723
PP030903	2023-12-12	USA: Florida	29724
PP030904	2023-12-12	USA: Florida	29690
PP030905	2023-12-12	USA: North Carolina	29691
PP030908	2023-12-12	USA: Ohio	29690
PP030910	2023-12-12	USA: Florida	29720
PP030911	2023-12-12	USA: Maryland	29690
PP030915	2023-12-12	USA: Virginia	29595
PP030916	2023-12-12	USA: Virginia	29660
PP030917	2023-12-12	USA: Virginia	29660
PP030921	2023-12-12	USA: Virginia	29658
PP030922	2023-12-12	USA: Florida	29628
PP030930	2023-12-12	USA: Illinois	29688
PP030933	2023-12-12	USA: South Carolina	29660
PP030935	2023-12-12	USA: South Carolina	29690
PP030938	2023-12-12	USA: North Carolina	29569
PP030940	2023-12-12	USA: Florida	29691
PP030943	2023-12-12	USA: Virginia	29691
PP030961	2023-12-12	USA: Ohio	29622
PP030962	2023-12-12	USA: Florida	29661
PP030965	2023-12-13	USA: Ohio	29690
PP030970	2023-12-13	USA: Virginia	29690
PP030975	2023-12-13	USA: North Carolina	29687
PP030987	2023-12-13	USA: North Carolina	29724
PP030990	2023-12-13	USA: Illinois	29690
PP030992	2023-12-13	USA: North Carolina	29660
PP030996	2023-12-13	USA: Illinois	29660
PP030998	2023-12-13	USA: Virginia	29628
PP031004	2023-12-13	USA: Indiana	29628
PP031009	2023-12-14	USA: Missouri	29658
PP031017	2023-12-14	USA: Pennsylvania	29690
PP031018	2023-12-14	USA: Maryland	29690
PP031019	2023-12-14	USA: Maryland	29690
PP031023	2023-12-14	USA: North Carolina	29628
PP031025	2023-12-14	USA: District of Columbia	29723
PP031028	2023-12-14	USA: Indiana	29690
PP031030	2023-12-14	USA: Illinois	29690
PP031031	2023-12-14	USA: Illinois	29691
PP031032	2023-12-14	USA: Illinois	29660
PP031033	2023-12-14	USA: Illinois	29690
PP031034	2023-12-14	USA: Illinois	29690
PP031045	2023-12-15	USA: Indiana	29658
PP031054	2023-12-15	USA: Tennessee	29723
PP031055	2023-12-15	USA: Illinois	29723
PP031059	2023-12-15	USA: Maryland	29690
PP038040	2023-10-07	USA: DC	29793
PP038057	2023-10-14	USA: MI	29794
PP038062	2023-10-17	USA: IL	29793
PP038070	2023-10-18	USA: UT	29781
PP038081	2023-10-18	USA: UT	29793
PP038090	2023-10-19	USA: IL	29793
PP038092	2023-10-23	USA: ND	29793
PP038389	2023-12-07	USA: New York	29721
PP038391	2023-12-07	USA: New York	29721
PP038392	2023-12-07	USA: New York	29721
PP038393	2023-12-07	USA: New York	29721
PP038394	2023-12-07	USA: New York	29721
PP038395	2023-12-07	USA: New York	29721
PP038398	2023-12-08	USA: New York	29721
PP038399	2023-12-08	USA: New York	29721
PP038404	2023-12-08	USA: New York	29721
PP038407	2023-12-08	USA: New York	29721
PP038408	2023-12-08	USA: New York	29721
PP038409	2023-12-08	USA: New York	29721
PP038411	2023-12-08	USA: New York	29721
PP038412	2023-12-08	USA: New York	29721
PP038415	2023-12-08	USA: New York	29721
PP038417	2023-12-08	USA: New York	29721
PP038418	2023-12-09	USA: New York	29721
PP038419	2023-12-09	USA: New York	29721
PP038420	2023-12-09	USA: New York	29721
PP038421	2023-12-09	USA: New York	29721
PP038423	2023-12-09	USA: New York	29721
PP038424	2023-12-09	USA: New York	29721
PP038425	2023-12-09	USA: New York	29721
PP038427	2023-12-09	USA: New York	29721
PP038431	2023-12-09	USA: New Jersey	29721
PP038432	2023-12-09	USA: New York	29721
PP038438	2023-12-10	USA: New York	29721
PP038440	2023-12-10	USA: New York	29721
PP038443	2023-12-10	USA: New York	29721
PP038447	2023-12-10	USA: Pennsylvania	29721
PP038449	2023-12-10	USA: New York	29721
PP038450	2023-12-10	USA: New York	29721
PP038452	2023-12-10	USA: New York	29721
PP038453	2023-12-10	USA: New York	29721
PP038454	2023-12-10	USA: New York	29721
PP038455	2023-12-10	USA: New York	29721
PP038458	2023-12-10	USA: New York	29721
PP038460	2023-12-10	USA: New Jersey	29721
PP038461	2023-12-10	USA: New York	29721
PP038462	2023-12-10	USA: New York	29721
PP038463	2023-12-10	USA: New York	29721
PP038468	2023-12-10	USA: New York	29721
PP038469	2023-12-10	USA: New York	29721
PP038470	2023-12-10	USA: New York	29721
PP038471	2023-12-10	USA: Kentucky	29721
PP038472	2023-12-10	USA: New York	29721
PP038474	2023-12-10	USA: New York	29721
PP038475	2023-12-10	USA: New York	29721
PP038477	2023-12-10	USA: New York	29721
PP038478	2023-12-10	USA: New York	29718
PP038479	2023-12-10	USA: New York	29721
PP038480	2023-12-10	USA: New York	29721
PP038482	2023-12-10	USA: New York	29721
PP038487	2023-12-11	USA: New York	29721
PP038488	2023-12-11	USA: New York	29721
PP038489	2023-12-11	USA: New Jersey	29721
PP038490	2023-12-11	USA: New York	29721
PP038494	2023-12-11	USA: New York	29721
PP038495	2023-12-11	USA: New York	29721
PP038498	2023-12-11	USA: New York	29721
PP038500	2023-12-11	USA: New York	29721
PP038501	2023-12-11	USA: New York	29721
PP038502	2023-12-11	USA: Texas	29721
PP038503	2023-12-11	USA: New York	29721
PP038504	2023-12-11	USA: New York	29721
PP038507	2023-12-11	USA: Texas	29721
PP038508	2023-12-11	USA: New Jersey	29721
PP038509	2023-12-11	USA: New York	29721
PP038511	2023-12-11	USA: New Hampshire	29712
PP038512	2023-12-11	USA: Texas	29721
PP038514	2023-12-11	USA: New York	29721
PP038519	2023-12-11	USA: New York	29721
PP038522	2023-12-11	USA: Nevada	29721
PP038523	2023-12-11	USA: New York	29709
PP038524	2023-12-11	USA: Maryland	29721
PP038525	2023-12-11	USA: New York	29715
PP038527	2023-12-11	USA: New Hampshire	29721
PP038528	2023-12-11	USA: New Jersey	29721
PP038530	2023-12-11	USA: Massachusetts	29721
PP038532	2023-12-11	USA: New York	29721
PP038533	2023-12-11	USA: New York	29721
PP038534	2023-12-11	USA: New Jersey	29721
PP038535	2023-12-11	USA: New Jersey	29721
PP038536	2023-12-11	USA: Pennsylvania	29721
PP038542	2023-12-11	USA: New York	29721
PP038543	2023-12-11	USA: New York	29721
PP038545	2023-12-11	USA: New York	29715
PP038547	2023-12-11	USA: Texas	29721
PP038548	2023-12-11	USA: New Jersey	29721
PP038554	2023-12-11	USA: New York	29721
PP038555	2023-12-11	USA: New York	29721
PP038560	2023-12-11	USA: Pennsylvania	29721
PP038561	2023-12-11	USA: New York	29721
PP038562	2023-12-11	USA: New York	29721
PP038567	2023-12-11	USA: New Jersey	29721
PP038568	2023-12-11	USA: New York	29721
PP038569	2023-12-11	USA: New York	29721
PP038572	2023-12-11	USA: Texas	29721
PP038575	2023-12-11	USA: Massachusetts	29721
PP038578	2023-12-11	USA: Texas	29721
PP038580	2023-12-11	USA: New York	29721
PP038583	2023-12-11	USA: New York	29671
PP038584	2023-12-11	USA: New York	29721
PP038585	2023-12-11	USA: New Jersey	29721
PP038586	2023-12-11	USA: Massachusetts	29697
PP038589	2023-12-11	USA: New York	29721
PP038592	2023-12-11	USA: New Jersey	29721
PP038593	2023-12-11	USA: New York	29721
PP038594	2023-12-11	USA: New York	29721
PP038597	2023-12-11	USA: Pennsylvania	29721
PP038598	2023-12-11	USA: New Jersey	29721
PP038600	2023-12-11	USA: Texas	29721
PP038601	2023-12-11	USA: New York	29721
PP038602	2023-12-11	USA: New York	29721
PP038605	2023-12-11	USA: Virginia	29721
PP038607	2023-12-11	USA: New York	29721
PP038615	2023-12-11	USA: New York	29721
PP038616	2023-12-11	USA: New York	29721
PP038617	2023-12-11	USA: New York	29721
PP038621	2023-12-11	USA: New York	29721
PP038622	2023-12-11	USA: New York	29721
PP038623	2023-12-11	USA: New York	29721
PP038624	2023-12-11	USA: New Jersey	29721
PP038629	2023-12-11	USA: New York	29721
PP038631	2023-12-11	USA: Pennsylvania	29721
PP038638	2023-12-11	USA: New York	29721
PP038640	2023-12-11	USA: New York	29721
PP038642	2023-12-11	USA: New York	29721
PP038643	2023-12-11	USA: New York	29721
PP038644	2023-12-11	USA: New York	29721
PP038645	2023-12-11	USA: Texas	29721
PP038649	2023-12-11	USA: New York	29721
PP038652	2023-12-12	USA: New York	29721
PP038654	2023-12-12	USA: Massachusetts	29726
PP038655	2023-12-12	USA: New York	29721
PP038656	2023-12-12	USA: New Jersey	29721
PP038657	2023-12-12	USA: New York	29721
PP038658	2023-12-12	USA: New York	29715
PP038664	2023-12-12	USA: New York	29721
PP038667	2023-12-12	USA: New York	29721
PP038668	2023-12-12	USA: New York	29721
PP038669	2023-12-12	USA: Ohio	29721
PP038672	2023-12-12	USA: New York	29721
PP038677	2023-12-12	USA: New Jersey	29721
PP038678	2023-12-12	USA: New York	29721
PP038679	2023-12-12	USA: New York	29721
PP038682	2023-12-12	USA: New York	29719
PP038684	2023-12-12	USA: New York	29721
PP038685	2023-12-12	USA: New York	29721
PP038687	2023-12-12	USA: New York	29721
PP038688	2023-12-12	USA: New Jersey	29721
PP038691	2023-12-12	USA: New York	29721
PP038694	2023-12-12	USA: New Jersey	29721
PP038695	2023-12-12	USA: Texas	29721
PP038696	2023-12-12	USA: New York	29721
PP038699	2023-12-12	USA: New York	29721
PP038700	2023-12-12	USA: Pennsylvania	29712
PP038702	2023-12-12	USA: Pennsylvania	29721
PP038704	2023-12-12	USA: New York	29721
PP038706	2023-12-12	USA: New York	29721
PP038709	2023-12-12	USA: New Jersey	29721
PP038711	2023-12-12	USA: New Jersey	29721
PP038712	2023-12-12	USA: New York	29721
PP038714	2023-12-12	USA: New York	29721
PP038717	2023-12-12	USA: Texas	29721
PP038718	2023-12-12	USA: Texas	29721
PP038719	2023-12-12	USA: Pennsylvania	29724
PP038720	2023-12-12	USA: New York	29721
PP038725	2023-12-12	USA: Massachusetts	29721
PP038726	2023-12-12	USA: New York	29721
PP038730	2023-12-12	USA: New York	29721
PP038732	2023-12-12	USA: New York	29721
PP038733	2023-12-12	USA: New York	29709
PP038734	2023-12-12	USA: New York	29721
PP038740	2023-12-12	USA: New York	29721
PP038742	2023-12-12	USA: New York	29721
PP038743	2023-12-12	USA: New York	29721
PP038744	2023-12-12	USA: New Jersey	29721
PP038745	2023-12-12	USA: New York	29721
PP038746	2023-12-12	USA: New York	29721
PP038747	2023-12-12	USA: New York	29721
PP038749	2023-12-12	USA: Pennsylvania	29721
PP038750	2023-12-12	USA: New York	29721
PP038753	2023-12-12	USA: New York	29721
PP038756	2023-12-12	USA: New York	29721
PP038758	2023-12-12	USA: New Jersey	29721
PP038759	2023-12-12	USA: New York	29721
PP038760	2023-12-12	USA: New York	29721
PP038763	2023-12-12	USA: New York	29721
PP038764	2023-12-12	USA: New York	29719
PP038765	2023-12-12	USA: New York	29721
PP038768	2023-12-13	USA: New Jersey	29721
PP038769	2023-12-13	USA: New York	29721
PP782469	2022-07-05	USA	29626
PP782472	2023-08-07	USA	29627
PP782473	2022-11-02	USA	29627
PP782484	2022-11-15	USA	29585
PP782512	2020-04-21	USA	29695
PP782518	2022-08-30	USA	29576
PP782521	2022-08-26	USA	29627
PP782543	2020-07-16	USA	29704
PP782545	2022-10-19	USA	29627
PP782548	2022-09-20	USA	29627
PP782550	2021-12-05	USA	29777
PP782553	2023-11-13	USA	29758
PP782556	2022-10-19	USA	29627
PP782559	2021-11-27	USA	29777
PP782560	2022-09-16	USA	29627
PP782564	2022-08-15	USA	29605
PP782575	2023-11-07	USA	29630
PP782580	2023-10-10	USA	29732
PP782590	2020-05-10	USA	29706
PP782598	2022-11-01	USA	29627
PP782608	2022-11-14	USA	29691
PP782610	2023-11-13	USA	29726
PP782611	2022-07-20	USA	29605
PP782613	2023-06-03	USA	29624
PP782642	2022-08-15	USA	29621
PP782657	2022-11-29	USA	29627
PP782797	2023-11-07	USA	29630
PP782799	2022-10-06	USA	29629
PP782807	2023-11-27	USA	29631
PP782810	2020-04-11	USA	29701
PP782890	2023-06-08	USA	29633
PP782893	2023-08-10	USA	29630
PP782956	2022-10-18	USA	29665
PP782957	2023-05-28	USA	29630
PP782961	2022-10-31	USA	29615
PP783029	2021-11-23	USA	29691
PP783031	2022-07-08	USA	29626
PP783224	2022-12-19	USA	29627
PP783294	2023-11-10	USA	29630
PP783299	2022-11-09	USA	29618
PP783303	2023-01-18	USA	29623
PP783304	2020-03-21	USA	29706
PP783305	2021-12-27	USA	29674
PP783312	2023-08-10	USA	29630
PP783320	2023-08-09	USA	29630
PP783321	2023-06-18	USA	29725
PP783322	2023-11-09	USA	29628
PP783327	2023-08-07	USA	29737
PP783340	2022-07-10	USA	29632
PP783345	2022-10-12	USA	29627
PP783377	2022-11-05	USA	29550
PP783382	2023-01-04	USA	29708
PP783383	2022-11-17	USA	29629
PP783384	2022-11-14	USA	29626
PP783385	2023-11-30	USA	29630
PP783386	2022-12-08	USA	29627
PP783394	2022-09-15	USA	29627
PP783395	2023-08-08	USA	29630
PP783400	2022-12-27	USA	29626
PP783408	2023-11-07	USA	29630
PP783410	2022-10-30	USA	29621
PP783414	2023-11-13	USA	29630
PP783416	2023-06-05	USA	29632
PP783418	2021-12-31	USA	29674
PP783419	2022-11-19	USA	29627
PP783426	2023-08-11	USA	29633
PP783430	2023-11-27	USA	29594
PP783431	2022-10-31	USA	29627
PP783432	2022-11-05	USA	29627
PP783435	2022-12-16	USA	29620
PP783436	2022-12-07	USA	29627
PP783440	2022-10-21	USA	29626
PP783447	2023-08-08	USA	29630
PP783455	2023-11-10	USA	29630
PP783456	2023-08-11	USA	29633
PP783594	2022-10-21	USA	29608
PP786230	2022-06-03	USA	29633
PP794024	2023-12-18	USA: TN	29654
PP794393	2022-11-15	USA	29619
PP794395	2022-05-13	USA	29633
PP794398	2023-11-08	USA	29630
PP794425	2022-05-19	USA	29634
PP812593	2022-09-07	USA	29627
PP812594	2022-07-24	USA	29627
PP812598	2023-12-01	USA	29630
PQ046194	2024-03-01	USA: TN	29706
PQ075511	2024-01-05	USA: TN	29679
PQ075515	2024-01-05	USA: TN	29705
PQ075518	2024-01-04	USA: TN	29673
PQ075519	2024-01-04	USA: TN	29690
PQ075520	2024-01-06	USA: TN	29706
PQ075526	2024-01-07	USA: TN	29691
PQ075528	2024-01-06	USA: TN	29706
PQ075534	2024-01-09	USA: TN	29706
PQ075535	2024-01-09	USA: TN	29706
PQ075536	2024-01-09	USA: TN	29677
PQ075537	2024-01-09	USA: TN	29706
PQ075538	2024-01-09	USA: TN	29706
PQ075540	2024-01-09	USA: TN	29706
PQ075541	2024-01-08	USA: TN	29706
PQ075544	2024-01-09	USA: TN	29706
PQ075545	2024-01-09	USA: TN	29670
PQ075548	2024-01-09	USA: TN	29696
PQ075549	2024-01-09	USA: TN	29706
PQ075551	2024-01-08	USA: TN	29704
PQ075552	2024-01-08	USA: TN	29701
PQ075553	2024-01-08	USA: TN	29706
PQ075554	2024-01-08	USA: TN	29706
PQ075556	2024-01-08	USA: TN	29706
PQ075557	2024-01-08	USA: TN	29691
PQ075559	2024-01-08	USA: TN	29706
PQ075560	2024-01-08	USA: TN	29668
PQ075561	2024-01-09	USA: TN	29647
PQ075564	2024-01-08	USA: TN	29677
PQ075565	2024-01-08	USA: TN	29706
PQ075567	2024-01-08	USA: TN	29706
PQ075568	2024-01-08	USA: TN	29705
PQ075569	2024-01-08	USA: TN	29706
PQ075570	2024-01-08	USA: TN	29706
PQ075571	2024-01-08	USA: TN	29705
PQ075573	2024-01-09	USA: TN	29706
PQ075574	2024-01-09	USA: TN	29706
PQ075576	2024-01-09	USA: TN	29706
PQ075577	2024-01-09	USA: TN	29706
PQ075578	2024-01-09	USA: TN	29706
PQ075579	2024-01-09	USA: TN	29706
PQ075580	2024-01-07	USA: TN	29706
PQ075581	2024-01-08	USA: TN	29706
PQ075583	2024-01-08	USA: TN	29704
PQ075584	2024-01-08	USA: TN	29706
PQ075585	2024-01-08	USA: TN	29706
PQ075586	2024-01-08	USA: TN	29706
PQ075590	2024-01-09	USA: TN	29706
PQ075591	2024-01-11	USA: TN	29706
PQ075592	2024-01-11	USA: TN	29706
PQ075596	2024-01-11	USA: TN	29700
PQ075598	2024-01-11	USA: TN	29706
PQ075600	2024-01-11	USA: TN	29700
PQ075601	2024-01-11	USA: TN	29691
PQ075602	2024-01-11	USA: TN	29706
PQ075604	2024-01-11	USA: TN	29701
PQ075605	2024-01-11	USA: TN	29690
PQ075606	2024-01-10	USA: TN	29706
PQ075608	2024-01-10	USA: TN	29706
PQ075610	2024-01-10	USA: TN	29701
PQ075612	2024-01-10	USA: TN	29706
PQ075613	2024-01-10	USA: TN	29706
PQ075617	2024-01-10	USA: TN	29706
PQ075619	2024-01-08	USA: TN	29706
PQ075620	2024-01-08	USA: TN	29706
PQ075624	2024-01-09	USA: TN	29706
PQ075625	2024-01-09	USA: TN	29706
PQ075626	2024-01-09	USA: TN	29706
PQ075627	2024-01-08	USA: TN	29706
PQ075628	2024-01-08	USA: TN	29689
PQ075629	2024-01-15	USA: TN	29660
PQ075630	2024-01-13	USA: TN	29706
PQ075634	2024-01-14	USA: TN	29706
PQ075635	2024-01-14	USA: TN	29673
PQ075639	2024-02-10	USA: TN	29706
PQ075640	2024-02-10	USA: TN	29706
PQ075644	2024-02-09	USA: TN	29706
PQ075646	2024-02-10	USA: TN	29708
PQ075647	2024-02-10	USA: TN	29700
PQ075648	2024-02-10	USA: TN	29706
PQ075649	2024-02-10	USA: TN	29706
PQ075650	2024-02-09	USA: TN	29706
PQ075656	2024-02-09	USA: TN	29706
PQ075657	2024-02-09	USA: TN	29706
PQ075658	2024-02-08	USA: TN	29706
PQ075662	2024-02-06	USA: TN	29706
PQ075663	2024-02-09	USA: TN	29706
PQ075664	2024-02-08	USA: TN	29706
PQ075666	2024-02-07	USA: TN	29685
PQ075668	2024-02-08	USA: TN	29706
PQ075670	2024-02-08	USA: TN	29706
PQ075675	2024-02-09	USA: TN	29706
PQ075676	2024-02-09	USA: TN	29706
PQ075677	2024-02-09	USA: TN	29706
PQ075678	2024-02-09	USA: TN	29701
PQ075679	2024-02-07	USA: TN	29706
PQ075680	2024-02-07	USA: TN	29706
PQ075681	2024-02-07	USA: TN	29706
PQ075682	2024-02-07	USA: TN	29706
PQ075683	2024-02-07	USA: TN	29706
PQ075685	2024-02-07	USA: TN	29703
PQ075686	2024-02-07	USA: TN	29701
PQ075691	2024-02-06	USA: TN	29706
PQ075692	2024-02-06	USA: TN	29694
PQ075694	2024-02-07	USA: TN	29680
PQ075696	2024-02-09	USA: TN	29706
PQ075699	2024-02-09	USA: TN	29671
PQ075700	2024-02-09	USA: TN	29706
PQ075703	2024-02-10	USA: TN	29706
PQ075704	2024-02-10	USA: TN	29706
PQ075706	2024-02-10	USA: TN	29706
PQ075708	2024-02-11	USA: TN	29700
PQ075709	2024-02-11	USA: TN	29706
PQ075710	2024-02-11	USA: TN	29706
PQ075712	2024-02-11	USA: TN	29706
PQ075713	2024-02-10	USA: TN	29706
PQ075714	2024-02-11	USA: TN	29706
PQ075715	2024-02-11	USA: TN	29706
PQ075716	2024-02-10	USA: TN	29706
PQ075717	2024-02-11	USA: TN	29706
PQ075720	2024-02-12	USA: TN	29706
PQ075721	2024-02-12	USA: TN	29706
PQ075722	2024-02-12	USA: TN	29706
PQ075723	2024-02-12	USA: TN	29706
PQ075724	2024-02-12	USA: TN	29706
PQ075725	2024-02-12	USA: TN	29704
PQ075727	2024-02-12	USA: TN	29703
PQ075728	2024-02-12	USA: TN	29706
PQ075729	2024-02-12	USA: TN	29706
PQ075730	2024-02-12	USA: TN	29706
PQ075731	2024-02-12	USA: TN	29706
PQ075735	2024-02-12	USA: TN	29706
PQ075737	2024-02-12	USA: TN	29706
PQ075738	2024-02-12	USA: TN	29706
PQ075739	2024-02-12	USA: TN	29766
PQ075740	2024-02-12	USA: TN	29695
PQ075741	2024-02-12	USA: TN	29706
PQ075742	2024-02-12	USA: TN	29706
PQ075743	2024-02-12	USA: TN	29706
PQ075744	2024-02-12	USA: TN	29706
PQ075745	2024-02-11	USA: TN	29706
PQ075746	2024-02-11	USA: TN	29706
PQ075748	2024-02-11	USA: TN	29701
PQ075749	2024-02-11	USA: TN	29706
PQ075750	2024-02-11	USA: TN	29706
PQ075751	2024-02-11	USA: TN	29706
PQ075752	2024-02-11	USA: TN	29706
PQ075753	2024-02-11	USA: TN	29706
PQ075754	2024-02-11	USA: TN	29706
PQ075755	2024-02-11	USA: TN	29706
PQ075758	2024-02-11	USA: TN	29706
PQ075759	2024-02-11	USA: TN	29706
PQ075760	2024-02-11	USA: TN	29740
PQ075761	2024-02-11	USA: TN	29706
PQ075762	2024-02-10	USA: TN	29706
PQ075763	2024-02-10	USA: TN	29706
PQ393320	2024-02-04	USA: TN	29706
PQ810222	2024-12-11	USA: Pennsylvania	29649
PQ810223	2024-12-11	USA: New Jersey	29690
PQ810224	2024-12-11	USA: Pennsylvania	29654
PQ810225	2024-12-11	USA: New Jersey	29681
PQ810226	2024-12-11	USA: Pennsylvania	29653
PQ810227	2024-12-11	USA: New Jersey	29652
PQ810228	2024-12-11	USA: Washington	29687
PQ810229	2024-12-12	USA: New Jersey	29606
PQ810230	2024-12-12	USA: New Jersey	29679
PQ810231	2024-12-12	USA: New Jersey	29691
PQ810232	2024-12-12	USA: Pennsylvania	29678
PQ810233	2024-12-12	USA: New Jersey	29565
PQ810234	2024-12-12	USA: New Jersey	29675
PQ810235	2024-12-12	USA: California	29688
PQ810236	2024-12-12	USA: New Jersey	29711
PQ810237	2024-12-12	USA: New Jersey	29694
PQ810238	2024-12-12	USA: Pennsylvania	29686
PQ810239	2024-12-12	USA: New Jersey	29682
PQ810240	2024-12-12	USA: New Jersey	29594
PQ810241	2024-12-12	USA: Virginia	29645
PQ810242	2024-12-12	USA: Illinois	29691
PQ810243	2024-12-12	USA: New York	29687
PQ810244	2024-12-12	USA: New York	29597
PQ810245	2024-12-12	USA: Massachusetts	29690
PQ810247	2024-12-12	USA: New Jersey	29691
PQ810248	2024-12-12	USA: Massachusetts	29691
PQ810249	2024-12-12	USA: Pennsylvania	29692
PQ810251	2024-12-13	USA: Delaware	29692
PQ810252	2024-12-13	USA: Pennsylvania	29687
PQ810253	2024-12-13	USA: Pennsylvania	29689
PQ810254	2024-12-13	USA: Florida	29687
PQ810255	2024-12-13	USA: New Jersey	29687
PQ810256	2024-12-13	USA: New Jersey	29690
PQ810257	2024-12-13	USA: New York	29677
PQ810258	2024-12-13	USA: New Jersey	29683
PQ810261	2024-12-13	USA: New Jersey	29690
PQ810262	2024-12-13	USA: Massachusetts	29688
PQ810263	2024-12-13	USA: Tennessee	29691
PQ810264	2024-12-13	USA: New York	29696
PQ810265	2024-12-13	USA: Pennsylvania	29690
PQ810266	2024-12-13	USA: New Jersey	29691
PQ810267	2024-12-13	USA: New Jersey	29657
PQ810268	2024-12-13	USA: New Jersey	29692
PQ810269	2024-12-13	USA: Massachusetts	29692
PQ810270	2024-12-13	USA: Pennsylvania	29640
PQ810271	2024-12-13	USA: Pennsylvania	29669
PQ810272	2024-12-13	USA: New Jersey	29646
PQ810273	2024-12-13	USA: New Jersey	29643
PQ810274	2024-12-13	USA: Pennsylvania	29682
PQ810275	2024-12-13	USA: Pennsylvania	29676
PQ810276	2024-12-13	USA: Pennsylvania	29655
PQ810277	2024-12-13	USA: New Jersey	29691
PQ810278	2024-12-13	USA: Illinois	29691
PQ810279	2024-12-13	USA: New Jersey	29669
PQ810280	2024-12-13	USA: Pennsylvania	29687
PQ810281	2024-12-16	USA: Michigan	29689
PQ810282	2024-12-16	USA: Illinois	29674
PQ810283	2024-12-16	USA: Florida	29596
PQ810284	2024-12-16	USA: Wisconsin	29681
PQ810285	2024-12-16	USA: South Carolina	29690
PQ810286	2024-12-16	USA: Michigan	29691
PQ810287	2024-12-16	USA: Maryland	29595
PQ810288	2024-12-16	USA: Maryland	29676
PQ810289	2024-12-16	USA: Maryland	29690
PQ810290	2024-12-16	USA: Florida	29683
PQ810291	2024-12-16	USA: Illinois	29657
PQ810292	2024-12-16	USA: South Carolina	29690
PQ810294	2024-12-17	USA: South Carolina	29593
PQ810295	2024-12-17	USA: South Carolina	29638
PQ810296	2024-12-17	USA: Maryland	29690
PQ810297	2024-12-17	USA: Virginia	29688
PQ810298	2024-12-17	USA: Illinois	29650
PQ810299	2024-12-17	USA: South Carolina	29676
PQ810300	2024-12-17	USA: Maryland	29686
PQ810301	2024-12-17	USA: Florida	29665
PX532007	2025-09-29	USA: Oregon,Unknown County	29744
PX532008	2025-09-29	USA: Oregon,Unknown County	29744
PX532009	2025-09-29	USA: Oregon,Unknown County	29744
PX532010	2025-09-28	USA: Oregon,Unknown County	29744
PX532011	2025-09-30	USA: Oregon,Unknown County	29744
PX532012	2025-10-01	USA: Oregon,Unknown County	29688
PX532013	2025-09-29	USA: Oregon,Unknown County	29744
PX532014	2025-10-01	USA: Oregon,Unknown County	29744
PX532015	2025-09-25	USA: Oregon,Unknown County	29744
PX532016	2025-10-04	USA: Oregon,Unknown County	29744
PX532018	2025-10-05	USA: Oregon,Unknown County	29741
PX532019	2025-10-08	USA: Oregon,Unknown County	29729
PX532020	2025-10-15	USA: Oregon,Unknown County	29744
PX532021	2025-10-20	USA: Oregon,Unknown County	29744
PX532023	2025-10-20	USA: Oregon,Unknown County	29688
PX532024	2025-10-18	USA: Oregon,Unknown County	29744
PX532025	2025-10-20	USA: Oregon,Unknown County	29744
PX532029	2025-10-20	USA: Oregon,Unknown County	29744
PX532032	2025-10-21	USA: Oregon,Unknown County	29688
PX532034	2025-10-24	USA: Oregon,Unknown County	29744
PX532037	2025-10-27	USA: Oregon,Unknown County	29688
PX532038	2025-10-26	USA: Oregon,Unknown County	29688
PX532043	2025-10-27	USA: Oregon,Unknown County	29744
PX532044	2025-10-27	USA: Oregon,Unknown County	29688
PX532045	2025-10-23	USA: Oregon,Unknown County	29744
PX532047	2025-11-05	USA: Oregon,Unknown County	29744
PX532050	2025-11-03	USA: Oregon,Unknown County	29744
PX532051	2025-09-30	USA: Oregon,Unknown County	29744
PX532052	2025-09-30	USA: Oregon,Unknown County	29744
PX739655	2025-11-21	USA: Illinois, Chicago	29793
PX739658	2025-11-20	USA: Illinois, Chicago	29792
PX739659	2025-11-20	USA: Illinois, Chicago	29793
PX739662	2025-12-02	USA: Illinois, Chicago	29794
PX739663	2025-12-01	USA: Illinois, Chicago	29793
PX739668	2025-12-08	USA: Illinois, Chicago	29793
PX739669	2025-12-09	USA: Illinois, Chicago	29787
PX739671	2025-12-09	USA: Illinois, Chicago	29788
PX739672	2025-12-10	USA: Illinois, Chicago	29790
PX739673	2025-12-10	USA: Illinois, Chicago	29790
PX739676	2025-12-10	USA: Illinois, Chicago	29785
PX739677	2025-12-10	USA: Illinois, Chicago	29792
PX739680	2025-12-01	USA: Illinois, Chicago	29793
PX739689	2025-12-09	USA: Illinois, Chicago	29790
PX739693	2025-11-10	USA: Illinois, Chicago	29784
PX739694	2025-11-16	USA: Illinois, Chicago	29790
PX740441	2025-10-26	USA: AZ, Maricopa	29694
PX740443	2025-10-19	USA: AZ, Mohave	29706
PX740444	2025-11-02	USA: AZ, Mohave	29693
PX740445	2025-11-21	USA: AZ, Pima	29694
PX740446	2025-11-07	USA: AZ, Mohave	29691
PX740447	2025-11-21	USA: AZ, Pima	29706
PX740448	2025-11-09	USA: AZ, Maricopa	29706
PX740449	2025-10-27	USA: AZ, Maricopa	29694
PX740450	2025-11-21	USA: AZ, Pima	29694
PX740451	2025-11-07	USA: AZ, Pima	29706
PX740452	2025-11-14	USA: AZ, Mohave	29694
PX740453	2025-11-18	USA: AZ, Maricopa	29694
PX740454	2025-11-20	USA: AZ, Pima	29694
PX740455	2025-11-17	USA: AZ, Pima	29694
PX740456	2025-11-05	USA: AZ, Maricopa	29706
PX740458	2025-11-13	USA: AZ, Pima	29694
PX740459	2025-11-10	USA: AZ, Maricopa	29694
PX740460	2025-11-01	USA: AZ, Pima	29694
PX740461	2025-11-09	USA: AZ, Mohave	29706
PX740462	2025-11-17	USA: AZ, Maricopa	29694
PX740463	2025-11-07	USA: AZ, Pima	29694
PX740464	2025-10-27	USA: AZ, Maricopa	29706
PX740465	2025-11-05	USA: AZ, Maricopa	29694
PX740467	2025-10-21	USA: AZ, Pima	29706
PX740469	2025-10-21	USA: AZ, Mohave	29694
PX740470	2025-10-27	USA: AZ, Maricopa	29692
PX740471	2025-11-10	USA: AZ, Maricopa	29703
PX740473	2025-10-26	USA: AZ, Maricopa	29706
PX740474	2025-11-08	USA: AZ, Mohave	29706
PX740475	2025-11-12	USA: AZ, Maricopa	29694
PX740477	2025-11-22	USA: AZ, Maricopa	29694
PX740478	2025-11-12	USA: AZ, Maricopa	29706
PX740480	2025-11-16	USA: AZ, Cochise	29694
PX740482	2025-11-14	USA: AZ, Pima	29694
PX740483	2025-10-20	USA: AZ, Mohave	29706
PX740484	2025-11-17	USA: AZ, Pima	29694
PX740486	2025-11-07	USA: AZ, Mohave	29700
PX740487	2025-11-15	USA: AZ, Mohave	29694
PX741081	2025-08-20	USA: Wisconsin	29728
PX741272	2025-12-03	USA: Minnesota	29706
PX741273	2025-12-04	USA: Minnesota	29706
PX741278	2025-12-04	USA: Minnesota	29706
PX741279	2025-11-25	USA: Minnesota	29706
PX741281	2025-12-01	USA: Minnesota	29706
PX741285	2025-12-08	USA: Minnesota	29706
PX741286	2025-12-04	USA: Minnesota	29706
PX741287	2025-12-02	USA: Minnesota	29706
PX741294	2025-12-08	USA: Minnesota	29706
PX741295	2025-12-08	USA: Minnesota	29706
PX741296	2025-12-05	USA: Minnesota	29706
PX741305	2025-12-08	USA: Minnesota	29706
PX741307	2025-12-10	USA: Minnesota	29706
PX741308	2025-12-10	USA: Minnesota	29706
PX741309	2025-12-10	USA: Minnesota	29706
PX741310	2025-12-10	USA: Minnesota	29706
PX741311	2025-12-03	USA: Minnesota	29706
PX741319	2025-12-05	USA: Minnesota	29697
PX741325	2025-12-08	USA: Minnesota	29703
PX741326	2025-12-10	USA: Minnesota	29706
PX741327	2025-12-09	USA: Minnesota	29706
PX741331	2025-12-11	USA: Minnesota	29706
PX741332	2025-12-10	USA: Minnesota	29700
PX741333	2025-12-10	USA: Minnesota	29706
PX741334	2025-12-12	USA: Minnesota	29706
PX741339	2025-12-14	USA: Minnesota	29706
PX741340	2025-12-10	USA: Minnesota	29706
PX754377	2025-10-21	USA: Washington	29761
PX754378	2025-11-25	USA: Washington,Snohomish	29761
PX763289	2025-12-06	USA	29783
PX763291	2025-11-17	USA	29719
PX763292	2025-10-29	USA	29788
PX763293	2025-12-04	USA	29792
PX763294	2025-11-25	USA	29694
PX763295	2025-11-28	USA	29709
PX763296	2025-12-04	USA	29719
PX763297	2025-11-30	USA	29719
PX763298	2025-11-22	USA	29792
PX763300	2025-11-18	USA	29719
PX763301	2025-11-25	USA	29707
PX763302	2025-11-21	USA	29716
PX763303	2025-12-03	USA	29716
PX763304	2025-11-26	USA	29776
PX763307	2025-12-01	USA	29743
PX763309	2025-11-15	USA	29719
PX763311	2025-11-27	USA	29763
PX763313	2025-11-26	USA	29771
PX763314	2025-12-03	USA	29770
PX763317	2025-11-12	USA	29787
PX763318	2025-11-18	USA	29759
PX763319	2025-11-28	USA	29719
PX763320	2025-11-28	USA	29719
PX763321	2025-12-03	USA	29719
PX763323	2025-11-17	USA	29707
PX763326	2025-11-20	USA	29763
PX763327	2025-11-14	USA	29794
PX763328	2025-12-01	USA	29719
PX763329	2025-11-07	USA	29719
PX763331	2025-10-28	USA	29719
PX763332	2025-11-09	USA	29783
PX763333	2025-11-14	USA	29771
PX763334	2025-11-23	USA	29782
PX763335	2025-12-02	USA	29707
PX763340	2025-11-28	USA	29717
PX763341	2025-12-01	USA	29773
PX763342	2025-12-06	USA	29717
PX763343	2025-10-30	USA	29707
PX763344	2025-10-28	USA	29746
PX763345	2025-11-28	USA	29716
PX763347	2025-11-10	USA	29699
PX763348	2025-11-28	USA	29773
PX763350	2025-12-04	USA	29710
PX763351	2025-11-20	USA	29783
PX763352	2025-11-12	USA	29719
PX763353	2025-11-14	USA	29719
PX763354	2025-11-05	USA	29716
PX763355	2025-11-28	USA	29778
PX763356	2025-11-19	USA	29710
PX764189	2025-12-02	USA: California	29794
PX764190	2025-11-30	USA: California	29794
PX764191	2025-12-02	USA: California	29792
PX764192	2025-12-02	USA: California	29793
PX764193	2025-12-03	USA: California	29792
PX764194	2025-11-26	USA: California	29793
PX764195	2025-11-26	USA: California	29792
PX764196	2025-12-04	USA: California	29790
PX764197	2025-11-28	USA: California	29791
PX764198	2025-12-03	USA: California	29789
PX764199	2025-11-26	USA: California	29790
PX764200	2025-12-06	USA: California	29785
PX764201	2025-12-03	USA: California	29786
PX764202	2025-12-06	USA: California	29787
PX764205	2025-12-01	USA: California	29775
PX764207	2025-12-01	USA: California	29790
PX764208	2025-11-30	USA: California	29763
PX764209	2025-11-21	USA: California	29777
PX764210	2025-11-30	USA: California	29751
PX764211	2025-12-03	USA: California	29747
PX764212	2025-12-01	USA: California	29792
PX764213	2025-11-24	USA: California	29792
PX764214	2025-12-03	USA: California	29786
PX764215	2025-11-27	USA: California	29697
PX764217	2025-12-04	USA: California	29719
PX778801	2025-12-11	USA: Maryland	29744
PX778802	2025-12-10	USA: Maryland	29747
PX778803	2025-12-15	USA: Maryland	29744
PX778804	2025-12-13	USA: Maryland	29744
PX778805	2025-12-14	USA: Maryland	29744
PX778806	2025-12-13	USA: Maryland	29744
PX778808	2025-12-14	USA: Maryland	29744
PX778810	2025-12-15	USA: Maryland	29744
PX778811	2025-12-14	USA: Maryland	29744
PX778812	2025-12-14	USA: Maryland	29744
PX778813	2025-12-11	USA: Maryland	29747
PX778814	2025-12-11	USA: Maryland	29744
PX778815	2025-12-13	USA: Maryland	29744
PX782172	2025-01-29	USA: Virginia	29738
PX782174	2025-01-31	USA: Virginia	29736
PX782175	2025-01-30	USA: Virginia	29802
PX782177	2025-01-29	USA: Virginia	29741
PX782182	2025-01-30	USA: Virginia	29743
PX782183	2025-02-06	USA: Virginia	29739
PX782184	2025-02-06	USA: Virginia	29754
PX782185	2025-02-06	USA: Virginia	29746
PX782186	2025-02-06	USA: Virginia	29739
PX782187	2025-02-06	USA: Virginia	29762
PX782495	2025-02-23	USA: Virginia	29739
PX782499	2025-03-09	USA: Virginia	29792
PX782582	2025-03-03	USA: Virginia	29744
PX782583	2025-04-05	USA: Virginia	29777
PX783216	2025-07-30	USA: Virginia	29801
PX783217	2025-08-01	USA: Virginia	29784
PX783218	2025-08-01	USA: Virginia	29830
PX783219	2025-08-01	USA: Virginia	29784
PX783220	2025-08-01	USA: Virginia	29801
PX787873	2025-09-15	USA: New Mexico	29664
PX787874	2025-09-07	USA: New Mexico	29775
PX787875	2025-09-20	USA: New Mexico	29771
PX787876	2025-10-02	USA: New Mexico	29705
PX787877	2025-09-27	USA: New Mexico	29704
PX787878	2025-09-15	USA: New Mexico	29684
PX787879	2025-09-23	USA: New Mexico	29705
PX787880	2025-09-25	USA: New Mexico	29692
PX787881	2025-10-01	USA: New Mexico	29704
PX787882	2025-09-24	USA: New Mexico	29775
PX787883	2025-10-12	USA: New Mexico	29753
PX787884	2025-10-16	USA: New Mexico	29765
PX787885	2025-09-20	USA: New Mexico	29691
PX787886	2025-09-12	USA: New Mexico	29705
PX787888	2025-09-12	USA: New Mexico	29758
PX787889	2025-10-06	USA: New Mexico	29704
PX787891	2025-10-03	USA: New Mexico	29693
PX787892	2025-09-14	USA: New Mexico	29703
PX787893	2025-09-22	USA: New Mexico	29704
PX787894	2025-09-15	USA: New Mexico	29699
PX787895	2025-09-30	USA: New Mexico	29771
PX787896	2025-09-10	USA: New Mexico	29705
PX787897	2025-10-09	USA: New Mexico	29704
PX787898	2025-09-03	USA: New Mexico	29762
PX787899	2025-09-29	USA: New Mexico	29704
PX787900	2025-09-25	USA: New Mexico	29705
PX787901	2025-09-26	USA: New Mexico	29689
PX787902	2025-09-16	USA: New Mexico	29742
PX787903	2025-09-21	USA: New Mexico	29775
PX787904	2025-09-26	USA: New Mexico	29768
PX787905	2025-10-06	USA: New Mexico	29705
PX787906	2025-10-14	USA: New Mexico	29704
PX787909	2025-09-12	USA: New Mexico	29721
PX787910	2025-10-18	USA: New Mexico	29704
PX787912	2025-09-15	USA: New Mexico	29706
PX787913	2025-09-17	USA: New Mexico	29689
PX787914	2025-09-17	USA: New Mexico	29771
PX787916	2025-10-14	USA: New Mexico	29705
PX787918	2025-09-25	USA: New Mexico	29746
PX787919	2025-10-04	USA: New Mexico	29692
PX787920	2025-09-01	USA: New Mexico	29692
PX787921	2025-09-12	USA: New Mexico	29743
PX787922	2025-10-07	USA: New Mexico	29705
PX787923	2025-09-22	USA: New Mexico	29692
PX787924	2025-09-23	USA: New Mexico	29705
PX787927	2025-09-11	USA: New Mexico	29779
PX787928	2025-09-26	USA: New Mexico	29705
PX787929	2025-10-17	USA: New Mexico	29758
PX787932	2025-09-19	USA: New Mexico	29693
PX787933	2025-09-22	USA: New Mexico	29761
PX787934	2025-09-17	USA: New Mexico	29691
PX787935	2025-09-18	USA: New Mexico	29693
PX787936	2025-09-16	USA: New Mexico	29767
PX787937	2025-09-11	USA: New Mexico	29691
PX787938	2025-09-12	USA: New Mexico	29772
PX787939	2025-10-01	USA: New Mexico	29700
PZ988756	2026-05-17	USA: South Dakota	29770
PZ988757	2026-06-17	USA: New Mexico	29756
PZ988758	2026-05-23	USA: Alaska	29779
PZ988759	2026-06-05	USA: South Carolina	29768
PZ988760	2026-05-13	USA: California	29767
PZ988761	2026-07-14	Guam: Yigo	29765
PZ988763	2026-07-23	USA: Utah	29759
PZ988765	2026-07-27	USA: North Carolina	29765
PZ988766	2026-07-28	USA: Alabama	29760
PZ988767	2026-05-07	USA: Arizona	29768
PZ988775	2026-07-10	USA: Florida	29759
PZ988776	2026-07-13	USA: Florida	29747
PZ988780	2026-07-31	USA: North Dakota	29761
PZ988781	2026-08-03	USA: North Dakota	29761
PZ988782	2026-08-04	USA: California	29760
PZ988783	2026-06-23	USA: Oklahoma	29760
PZ988784	2026-07-13	USA: Oklahoma	29766
PZ988785	2026-07-21	USA: Arizona	29759
PZ989430	2026-02-05	USA: Missouri	29748
PZ989431	2026-01-21	USA: Arizona	29740
PZ989432	2025-10-14	USA: Arizona	29777
PZ989433	2025-12-15	USA: Washington	29756
PZ989434	2026-03-06	USA: Michigan	29751
PZ989435	2026-01-19	USA: Missouri	29740
PZ989437	2026-01-17	USA: Washington	29756
PZ989438	2025-11-04	USA: Arizona	29713
PZ989439	2025-10-27	USA: Washington	29736
PZ989440	2025-09-18	USA: Arizona	29756
PZ989441	2025-12-03	USA: Washington	29740
PZ989442	2026-01-29	USA: Missouri	29717
PZ989443	2026-02-12	USA: Washington	29756
PZ989444	2025-09-30	USA: Washington	29742
PZ989445	2026-02-02	USA: Arizona	29738
PZ989446	2025-11-06	USA: Arizona	29748
PZ989447	2025-11-13	USA: Arizona	29756
PZ989448	2026-02-03	USA: Washington	29756
PZ989449	2026-02-16	USA: Missouri	29661
PZ989450	2026-02-18	USA: Arizona	29756
PZ989451	2025-09-15	USA: Arizona	29754
PZ989452	2026-02-26	USA: Michigan	29756
PZ989453	2026-01-12	USA: Missouri	29782
PZ989454	2026-02-11	USA: Arizona	29751
PZ989455	2026-03-19	USA: Michigan	29757
PZ989456	2025-11-19	USA: Arizona	29773
PZ989457	2026-03-11	USA: Michigan	29748
PZ989458	2025-12-03	USA: Washington	29747
PZ989459	2026-02-22	USA: Missouri	29756
PZ989460	2026-01-13	USA: Arizona	29765
PZ989461	2026-01-23	USA: Missouri	29782
PZ989462	2025-12-24	USA: Washington	29734
PZ989463	2026-01-26	USA: Missouri	29595
PZ989464	2025-09-22	USA: Arizona	29756
PZ989466	2026-01-07	USA: Missouri	29756
PZ989467	2026-03-05	USA: Michigan	29779
PZ989469	2025-09-22	USA: Arizona	29756
PZ989470	2026-03-27	USA: Washington	29740
PZ989471	2026-03-04	USA: Michigan	29611
PZ989472	2026-03-05	USA: Michigan	29647
PZ989473	2026-04-29	USA: Washington	29756
PZ989474	2025-09-17	USA: Arizona	29748
PZ989475	2026-02-06	USA: Missouri	29748
PZ989476	2025-09-15	USA: Arizona	29755
PZ989478	2026-03-02	USA: Washington	29756
PZ989479	2026-03-10	USA: Michigan	29740
PZ989480	2025-10-27	USA: Arizona	29756
PZ989481	2025-09-18	USA: Arizona	29734
PZ989482	2025-09-22	USA: Arizona	29756
PZ989483	2026-03-06	USA: Missouri	29778
PZ989485	2026-01-16	USA: Arizona	29715
PZ989486	2026-01-14	USA: Arizona	29756
PZ989488	2026-01-26	USA: Missouri	29753
PZ989489	2026-03-20	USA: Michigan	29744
PZ989490	2025-11-05	USA: Arizona	29780
PZ989491	2026-02-02	USA: Missouri	29734
PZ989492	2026-02-05	USA: Arizona	29744
PZ989493	2026-03-31	USA: Michigan	29655
PZ989495	2026-01-20	USA: Missouri	29730
PZ989497	2026-04-10	USA: Michigan	29748
PZ989498	2026-03-16	USA: Washington	29756
PZ989499	2026-03-31	USA: Michigan	29756
PZ989500	2026-04-13	USA: Missouri	29746
QB004091	2026-01-28	USA: Tennessee	29756
QB004433	2026-03-04	USA: Tennessee	29779
QB004434	2026-04-15	USA: Tennessee	29756
QB007062	2026-08-20	USA: California	29795
QB007063	2026-08-20	USA: California	29794
QB007064	2026-08-19	USA: California	29794
QB007065	2026-08-20	USA: California	29794
QB007066	2026-08-19	USA: California	29794
QB007067	2026-08-19	USA: California	29795
QB007068	2026-08-24	USA: California	29794
QB007070	2026-08-19	USA: California	29793
QB007071	2026-08-15	USA: California	29793
QB007072	2026-08-19	USA: California	29793
QB007073	2026-08-20	USA: California	29793
QB007074	2026-08-21	USA: California	29793
QB007075	2026-08-24	USA: California	29793
QB007076	2026-08-21	USA: California	29793
QB007077	2026-08-21	USA: California	29791
QB007078	2026-08-24	USA: California	29793
QB007079	2026-08-19	USA: California	29793
QB007080	2026-08-23	USA: California	29793
QB007082	2026-08-25	USA: California	29793
QB007083	2026-08-22	USA: California	29793
QB007084	2026-08-22	USA: California	29792
QB007085	2026-08-19	USA: California	29793
QB007086	2026-08-17	USA: California	29793
QB007087	2026-08-17	USA: California	29792
QB007088	2026-08-24	USA: California	29793
QB007089	2026-08-15	USA: California	29793
QB007090	2026-08-24	USA: California	29792
QB007091	2026-08-22	USA: California	29792
QB007092	2026-08-24	USA: California	29793
QB007094	2026-08-17	USA: California	29792
QB007095	2026-08-22	USA: California	29788
QB007096	2026-08-20	USA: California	29791
QB007097	2026-08-22	USA: California	29792
QB007098	2026-08-24	USA: California	29792
QB007099	2026-08-23	USA: California	29791
QB007100	2026-08-22	USA: California	29789
QB007101	2026-08-25	USA: California	29789
QB007102	2026-08-25	USA: California	29789
QB007103	2026-08-25	USA: California	29790
QB007104	2026-08-21	USA: California	29786
QB007105	2026-08-17	USA: California	29786
QB007106	2026-08-18	USA: California	29789
QB007107	2026-08-22	USA: California	29786
QB007108	2026-08-23	USA: California	29785
QB007109	2026-08-18	USA: California	29789
QB007110	2026-08-21	USA: California	29785
QB007111	2026-08-23	USA: California	29783
QB007112	2026-08-22	USA: California	29787
QB007113	2026-08-22	USA: California	29782
QB007114	2026-08-23	USA: California	29795
QB007115	2026-08-26	USA: California	29784
QB007116	2026-08-25	USA: California	29783
QB007117	2026-08-21	USA: California	29793
QB007118	2026-08-25	USA: California	29792
QB007119	2026-08-26	USA: California	29792
QB007120	2026-08-18	USA: California	29790
QB007122	2026-08-18	USA: California	29788
QB007123	2026-08-20	USA: California	29788
QB007124	2026-08-26	USA: California	29779
QB007125	2026-08-16	USA: California	29784
QB007126	2026-08-22	USA: California	29786
QB007127	2026-08-24	USA: California	29774
QB007128	2026-08-23	USA: California	29788
QB007129	2026-08-26	USA: California	29776
QB007130	2026-08-26	USA: California	29773
QB007131	2026-08-24	USA: California	29771
QB007132	2026-08-24	USA: California	29774
QB007133	2026-08-26	USA: California	29773
QB007134	2026-08-22	USA: California	29769
QB007135	2026-08-24	USA: California	29768
QB007136	2026-08-20	USA: California	29769
QB007137	2026-08-23	USA: California	29791
QB007138	2026-08-23	USA: California	29752
QB007139	2026-08-25	USA: California	29793
QB007140	2026-08-24	USA: California	29785
QB007141	2026-08-24	USA: California	29793
QB007142	2026-08-26	USA: California	29775
QB007143	2026-08-21	USA: California	29778
QB007144	2026-08-20	USA: California	29784
QB007145	2026-08-20	USA: California	29792
QB007148	2026-08-24	USA: California	29786
QB011573	2026-08-31	USA: New York	29821
QB011575	2026-08-30	USA: California	29766
QB011577	2026-08-30	USA: New York	29762
QB011578	2026-09-02	USA: Virginia	29837
QB011580	2026-09-03	USA: New Jersey	29809
QB014807	2026-08-31	USA: Oregon,Unknown County	29684
QB015158	2026-03-31	USA: Wisconsin	29723
QB015161	2026-04-02	USA: Wisconsin	29723
QB015166	2026-03-17	USA: Wisconsin	29720
QB015167	2026-03-09	USA: Wisconsin	29723
QB015169	2026-04-16	USA: Wisconsin	29711
QB015173	2026-04-18	USA: Wisconsin	29723
QB015177	2026-04-28	USA: Wisconsin	29723
QB015178	2026-05-03	USA: Wisconsin	29723
QB015180	2026-05-02	USA: Wisconsin	29723
QB015181	2026-05-10	USA: Wisconsin	29723
QB015185	2026-05-10	USA: Wisconsin	29720
QB015186	2026-05-18	USA: Wisconsin	29720
QB015188	2026-05-20	USA: Wisconsin	29723
QB015189	2026-05-23	USA: Wisconsin	29723
QB015652	2026-02-09	USA: Wisconsin	29711
QB015653	2026-02-15	USA: Wisconsin	29720
QB015654	2026-02-11	USA: Wisconsin	29714
QB015655	2026-02-16	USA: Wisconsin	29720
QB015659	2026-02-16	USA: Wisconsin	29723
QB015664	2026-02-17	USA: Wisconsin	29720
QB015665	2026-02-17	USA: Wisconsin	29720
QB015672	2026-02-06	USA: Wisconsin	29723
QB015673	2026-02-03	USA: Wisconsin	29723
QB015674	2026-01-25	USA: Wisconsin	29720
QB015676	2026-02-18	USA: Wisconsin	29723
QB015678	2026-02-18	USA: Wisconsin	29723
QB015683	2026-02-20	USA: Wisconsin	29723
QB015684	2026-02-19	USA: Wisconsin	29723
QB015686	2026-02-16	USA: Wisconsin	29723
QB015688	2026-02-21	USA: Wisconsin	29719
QB015689	2026-02-19	USA: Wisconsin	29720
QB015690	2026-02-21	USA: Wisconsin	29720
QB015691	2026-02-19	USA: Wisconsin	29720
QB015697	2026-02-17	USA: Wisconsin	29720
QB015698	2026-02-22	USA: Wisconsin	29720
QB015699	2026-02-15	USA: Wisconsin	29723
QB015701	2026-02-21	USA: Wisconsin	29723
QB015705	2026-02-19	USA: Wisconsin	29723
QB015706	2026-02-17	USA: Wisconsin	29723
QB015709	2026-02-16	USA: Wisconsin	29720
QB015713	2026-02-22	USA: Wisconsin	29711
QB015716	2026-02-23	USA: Wisconsin	29720
QB015827	2026-04-02	USA: Wisconsin	29723
QB015830	2026-03-31	USA: Wisconsin	29720
QB015832	2026-03-02	USA: Wisconsin	29720
QB015834	2026-03-26	USA: Wisconsin	29720
QB015835	2026-03-24	USA: Wisconsin	29720
QB015836	2026-03-30	USA: Wisconsin	29720
QB015837	2026-03-30	USA: Wisconsin	29723
QB015838	2026-03-29	USA: Wisconsin	29714
QB015840	2026-03-29	USA: Wisconsin	29720
QB015844	2026-03-29	USA: Wisconsin	29720
QB015845	2026-03-25	USA: Wisconsin	29720
QB015848	2026-03-27	USA: Wisconsin	29720
QB015849	2026-03-23	USA: Wisconsin	29726
QB015850	2026-03-24	USA: Wisconsin	29720
QB015851	2026-03-20	USA: Wisconsin	29720
QB015852	2026-03-24	USA: Wisconsin	29720
QB015854	2026-03-21	USA: Wisconsin	29720
QB020727	2026-08-13	USA: Colorado	29706
QB022355	2026-06-05	USA: Michigan	29793
QB022356	2026-08-02	USA: Michigan	29793
QB022357	2026-08-06	USA: Michigan	29748
QB022358	2026-08-06	USA: Michigan	29775
QB022359	2026-08-06	USA: Michigan	29783
QB022360	2026-08-13	USA: Michigan	29784
QB022361	2026-08-12	USA: Michigan	29793
QB022362	2026-08-28	USA: Michigan	29749
QB022363	2026-08-27	USA: Michigan	29797
QB023011	2026-09-08	USA: Washington,Snohomish	29727
QB031002	2026-05-22	USA: TN	29706
QB031003	2026-05-29	USA: TN	29780
QB031004	2026-05-30	USA: TN	29688
QB031732	2026-06-13	USA: TN	29706
QB031733	2026-06-27	USA: TN	29706
QB031752	2026-07-26	USA: TN	29709
QB031755	2026-07-28	USA: TN	29780
QB034807	2026-08-26	USA	29694
QB034811	2026-08-27	USA	29754
QB034813	2026-08-18	USA	29698
QB034816	2026-08-14	USA	29695
QB034819	2026-08-15	USA	29755
QB034820	2026-08-27	USA	29688
QB034823	2026-08-18	USA	29694
QB034825	2026-08-26	USA	29694
QB034839	2026-08-28	USA	29758
QB034844	2026-08-30	USA	29694
QB036163	2026-08-03	USA: Missouri	29760
QB036164	2026-08-04	USA: Missouri	29758
QB036165	2026-08-05	South Korea: Gyeonggi	29693
QB036167	2025-11-18	USA: Ohio	29694
QB036168	2025-12-09	USA: New Jersey	29760
QB036169	2025-12-16	USA: Texas	29694
QB036171	2025-12-23	United Kingdom: Suffolk	29758
QB036177	2026-08-17	USA: California	29751
QB036178	2026-01-12	USA: Arizona	29748
QB036179	2026-01-14	United Kingdom: Suffolk	29718
QB036180	2026-01-21	USA: Ohio	29761
QB036181	2026-01-29	USA: Texas	29694
QB036186	2026-07-22	USA: Florida	29758
QB036189	2026-07-28	USA: New Jersey	29744
QB036190	2026-07-30	USA: Florida	29751
QB036191	2026-08-04	USA: Puerto Rico, San Juan	29693
QB036192	2026-08-05	USA: Puerto Rico, San Juan	29694
QB036194	2026-08-13	USA: Arizona	29762
QB036195	2026-08-20	USA: Missouri	29758
QB036196	2026-08-21	USA: California	29758
QB036197	2026-08-24	USA: Kentucky	29682
QB036199	2026-08-05	USA: Colorado	29692
QB036201	2026-08-06	USA: Florida	29761
QB036203	2026-08-12	USA: Puerto Rico, San Juan	29757
QB036204	2026-08-12	USA: Florida	29755
QB036205	2026-08-13	United Kingdom: Suffolk	29762
QB036206	2026-08-13	USA: Puerto Rico, San Juan	29694
QB036207	2026-08-14	USA: Florida	29694
QB036208	2026-08-14	USA: Florida	29693
QB036210	2026-08-19	USA: Arizona	29762
QB036211	2026-08-20	USA: Arizona	29760
